,file,speaker,sex,age,nationality,level,code,type,ref,ans,rec,count,C,S,I,D,error,per
451,0099684,0463,F,94,Spanish,A,RS030,S,웬일로 여기까지 직접 오셨어요,OE N I L L O iEO G I GG A J I J I k JJ EO p O S iEO SS EO iO,OE N I L L O iEO G I GG A J I J I k JJ EO p O S iEO S iEO SS EO iO,"Counter({'C': 25, 'I': 2})",25,0,2,0,"insertion of < S >, insertion of < iEO >",0.06756756756756757
452,0099724,0463,F,94,Spanish,A,RS042,S,이 업무에 적합한 사람이 있으면 언제든지 말씀해 주세요,I EO M M OE J EO Kh A Ph A N S A R A M I I SS EU M iEO N EO N J E D EU N J I M A L SS EU M H E J U S E iO,I EO M M OE J EO Kh A Ph A N S A R A M I I SS EU M iEO N EO N J E D EU N J I M A R M H E J U S E iO,"Counter({'C': 43, 'D': 2, 'S': 1})",43,1,0,2,"deletion of < L >, deletion of < SS >, substitution of < EU > to < R >",0.04918032786885246
453,0099799,0463,F,94,Spanish,A,RS068,S,그것도 옷이라고 입고 다니니,G EU G EO t DD O O S I R A G O I p GG O D A N I N I,G EU EO t DD O O S I R A G O I p GG O D A N I N I,"Counter({'C': 23, 'D': 1})",23,0,0,1,deletion of < G >,0.03225806451612903
454,0099484,0463,F,94,Spanish,A,RW067,W,더워요,D EO uEO iO,D EO EO iO,"Counter({'C': 3, 'S': 1})",3,1,0,0,substitution of < uEO > to < EO >,0.08333333333333333
455,0099517,0463,F,94,Spanish,A,RW083,W,간장,G A N J A NG,A N J A NG,"Counter({'C': 5, 'D': 1})",5,0,0,1,deletion of < G >,0.1875
830,0165040,0737,F,96,Spanish,B,RS003,S,십만 원만 빌려줄 수 있어요,S I M M A N uEO N M A N B I L L iEO J U L S U I SS EO iO,S I M M A N uEO N M A N B I L iEO J U L S U I SS EO iO,"Counter({'C': 24, 'D': 1})",24,0,0,1,deletion of < L >,0.030303030303030304
831,0165045,0737,F,96,Spanish,B,RS008,S,일 년 전 우리가 한국말을 어떻게 했는지 생각 나세요,I L N iEO N J EO N U R I G A H A N G U NG M A R EU L EO DD EO Kh E H E N N EU N J I S E NG G A k N A S E iO,I L N iEO N J EO N U R I G A H A N G U NG M A R EU L EO DD EO Kh E H E N EU N J I S E NG G A k N A S E iO,"Counter({'C': 47, 'D': 1})",47,0,0,1,deletion of < N >,0.015873015873015872
832,0165050,0737,F,96,Spanish,B,RS013,S,오늘 그 가게 문 안 열었어요,O N EU L G EU G A G E M U N A N iEO R EO SS EO iO,O N EU L L G EU G A G E M U N A N iEO R EO SS EO iO,"Counter({'C': 21, 'I': 1})",21,0,1,0,insertion of < L >,0.03389830508474576
833,0165051,0737,F,96,Spanish,B,RS014,S,오늘 날씨가 참 따뜻하지요,O N EU L N A L SS I G A CHh A M D A DD EU Th A J I iO,O N EU L N A L SS I G A CHh A M D A DD EU Th A J I,"Counter({'C': 22, 'D': 1})",22,0,0,1,deletion of < iO >,0.04878048780487805
834,0165053,0737,F,96,Spanish,B,RS016,S,새 직장이 마음에 들면 좋겠네요,S E J I k JJ A NG I M A EU M E D EU L M iEO N J O Kh E N N E iO,S E J I k JJ A NG I M A EU M H E D EU L M iEO N J O Kh E N N E iO,"Counter({'C': 28, 'I': 1})",28,0,1,0,insertion of < H >,0.026143790849673203
835,0164913,0737,F,96,Spanish,B,RW057,W,야구,iA G U,iA k GG U k,"Counter({'C': 2, 'I': 2, 'S': 1})",2,1,2,0,"insertion of < k >, substitution of < G > to < GG >, insertion of < k >",0.4074074074074074
836,0164931,0737,F,96,Spanish,B,RW074,W,희망,H euI M A NG,euI N A k,"Counter({'C': 2, 'S': 2, 'D': 1})",2,2,0,1,"deletion of < H >, substitution of < M > to < N >, substitution of < NG > to < k >",0.3103448275862069
837,0164932,0737,F,96,Spanish,B,RW075,W,무늬,M U N euI,BB U L E,"Counter({'S': 3, 'C': 1})",1,3,0,0,"substitution of < M > to < BB >, substitution of < N > to < L >, substitution of < euI > to < E >",0.30434782608695654
838,0164961,0737,F,96,Spanish,B,RW091,W,부엌,B U EO Kh,Ph U EO Kh,"Counter({'C': 3, 'S': 1})",3,1,0,0,substitution of < B > to < Ph >,0.13043478260869565
839,0165006,0737,F,96,Spanish,B,RW121,W,국민,G U NG M I N,G EU NG M I N,"Counter({'C': 5, 'S': 1})",5,1,0,0,substitution of < U > to < EU >,0.0625
1030,0186401,0828,F,86,Spanish,B,RS004,S,저는 지금 음료수하고 꽃을 사러 갔다 와야 돼요,J EO N EU N J I G EU M EU M N iO S U A G O GG O CHh EU L S A R EO G A t DD A oA iA D OE iO,J EO N EU N J I G EU M EU M N iO S U A G O GG O iO L S A R EO G A t DD A oA iA D OE iO,"Counter({'C': 36, 'D': 1, 'S': 1})",36,1,0,1,"deletion of < CHh >, substitution of < EU > to < iO >",0.03902439024390244
1031,0186403,0828,F,86,Spanish,B,RS005,S,여권 사진을 찍어야 되는데 어디에서 찍으면 좋을까요,iEO G uEO N S A J I N EU L JJ I G EO iA D OE N EU N D E EO D I E S EO JJ I G EU M iEO N J O EU L GG A iO,iEO G uEO N S A S I N EU L JJ I G EO iA D OE N EU N D E EO D I E S EO JJ I G EU M iEO N J O EU L GG A iO,"Counter({'C': 42, 'S': 1})",42,1,0,0,substitution of < J > to < S >,0.004273504273504274
1032,0186415,0828,F,86,Spanish,B,RS009,S,등록금에 수업료가 포함돼요,D EU NG N O k GG EU M E S U EO M N iO G A Ph O A M D OE iO,D EU NG N O k GG EU M E S U EO M N iO G A Ph O A M D OE OE iO,"Counter({'C': 25, 'I': 1})",25,0,1,0,insertion of < OE >,0.03571428571428571
1033,0186418,0828,F,86,Spanish,B,RS010,S,퇴근시간이라서 길이 많이 막히나 봐요,Th OE G EU N S I G A N I R A S EO G I R I M A N I M A Kh I N A B oA iO,Th OE G EU N S I G A N I R A S EO G I R I M A N I M A Kh I N B oA A iO,"Counter({'C': 31, 'D': 1, 'I': 1})",31,0,1,1,"deletion of < A >, insertion of < A >",0.046511627906976744
1034,0194995,0828,F,86,Spanish,B,RS012,S,벽에 잘 붙어 있도록 잘 붙이세요,B iEO G E J A L B U Th EO I t DD O R O k J A L B U Th I S E iO,B iEO G E J A A L B U Th EO I t DD O R O k J A L B U Th I S E iO,"Counter({'C': 28, 'I': 1})",28,0,1,0,insertion of < A >,0.02631578947368421
1035,0195048,0828,F,86,Spanish,B,RS019,S,발 편한 운동화를 신고 오세요,B A L Ph iEO N A N U N D O NG H oA R EU L S I N G O O S E iO,B A L Ph iEO N H A N U N D O NG H oA R EU L S I N G O O S E iO,"Counter({'C': 27, 'I': 1})",27,0,1,0,insertion of < H >,0.027210884353741496
1036,0195051,0828,F,86,Spanish,B,RS020,S,아버지와 어머니 중에서 누구하고 닮았어요,A B EO J I oA EO M EO N I J U NG E S EO N U G U A G O D A L M A SS EO iO,A B EO J I oA EO M EO N I J U NG E S EO N U G U G A G O D A L M A SS EO iO,"Counter({'C': 32, 'I': 1})",32,0,1,0,insertion of < G >,0.022988505747126436
1037,0195101,0828,F,86,Spanish,B,RS052,S,저희 백화점을 찾아주셔서 감사합니다,J EO euI B E Kh oA J EO M EU L CHh A J A J U S iEO S EO G A M S A A M N I D A,J EO euI B E Kh oA J EO M EU L CHh I A J A J U S iEO S EO G A M S A A M N I D A,"Counter({'C': 33, 'I': 1})",33,0,1,0,insertion of < I >,0.02197802197802198
1038,0195122,0828,F,86,Spanish,B,RS054,S,죄송하지만 못하겠습니다,J OE S O NG H A J I M A N M O Th A G E S SS EU M N I D A,J OE S O NG H A J I M A N M O Th A G E S S SS EU M N I D A,"Counter({'C': 26, 'I': 1})",26,0,1,0,insertion of < S >,0.02857142857142857
1039,0195134,0828,F,86,Spanish,B,RS055,S,내일 늦으시면 안 됩니다,N E I R N EU J EU S I M iEO N A N D OE M N I D A,N E I R N EU S I M iEO N A N D OE M N I D A,"Counter({'C': 20, 'D': 2})",20,0,0,2,"deletion of < EU >, deletion of < J >",0.0782608695652174
1040,0195180,0828,F,86,Spanish,B,RS065,S,이번엔 절대로 실수하지 않을 거야,I B EO N E N J EO L D E R O S I L S U A J I A N EU L G EO iA,I B EO N E N J EO L D E R O S I L S U A S I A N EU L L G EO iA,"Counter({'C': 27, 'S': 1, 'I': 1})",27,1,1,0,"substitution of < J > to < S >, insertion of < L >",0.03333333333333333
1041,0195210,0828,F,86,Spanish,B,RS072,S,수업 아직 안 끝났을걸,S U EO M A J I k A N GG EU N N A SS EU L G EO L,S U EO M A J I k A N GG EU N N A N EU N N EU L G EO L,"Counter({'C': 20, 'I': 3, 'S': 1})",20,1,3,0,"insertion of < N >, insertion of < EU >, insertion of < N >, substitution of < SS > to < N >",0.12598425196850394
1042,0186007,0828,F,86,Spanish,B,RW004,W,싱싱하다,S I NG S I NG H A D A,S I NG S I H A D A,"Counter({'C': 9, 'D': 1})",9,0,0,1,deletion of < NG >,0.09615384615384616
1043,0186096,0828,F,86,Spanish,B,RW028,W,찌다,J I D A,S UI D A,"Counter({'S': 2, 'C': 2})",2,2,0,0,"substitution of < J > to < S >, substitution of < I > to < UI >",0.14285714285714285
1044,0186134,0828,F,86,Spanish,B,RW045,W,자리,J A R I,S A R I,"Counter({'C': 3, 'S': 1})",3,1,0,0,substitution of < J > to < S >,0.05
1045,0186164,0828,F,86,Spanish,B,RW056,W,은행,EU N E NG,B A N A NG,"Counter({'S': 2, 'C': 2, 'I': 1})",2,2,1,0,"insertion of < B >, substitution of < EU > to < A >, substitution of < E > to < A >",0.4090909090909091
1046,0186165,0828,F,86,Spanish,B,RW057,W,야구,iA G U,iA k G U,"Counter({'C': 3, 'I': 1})",3,0,1,0,insertion of < k >,0.19047619047619047
1047,0186230,0828,F,86,Spanish,B,RW085,W,시장에,S I J A NG E,S I S A N E,"Counter({'C': 4, 'S': 2})",4,2,0,0,"substitution of < J > to < S >, substitution of < NG > to < N >",0.0967741935483871
1048,0186357,0828,F,86,Spanish,B,RW128,W,궁리,G U NG N I,G iEO M G I,"Counter({'S': 3, 'C': 2})",2,3,0,0,"substitution of < U > to < iEO >, substitution of < NG > to < M >, substitution of < N > to < G >",0.32142857142857145
1049,0186379,0828,F,86,Spanish,B,RW142,W,빛을,B I CHh EU L,B I CHh EU L EU,"Counter({'C': 5, 'I': 1})",5,0,1,0,insertion of < EU >,0.18181818181818182
1050,0186381,0828,F,86,Spanish,B,RW144,W,밖은,B A GG EU N,B A Th I N E,"Counter({'C': 3, 'S': 2, 'I': 1})",3,2,1,0,"substitution of < GG > to < Th >, substitution of < EU > to < I >, insertion of < E >",0.36363636363636365
1051,0186385,0828,F,86,Spanish,B,RW147,W,실내,S I N N E,S I N G E,"Counter({'C': 4, 'S': 1})",4,1,0,0,substitution of < N > to < G >,0.04
1052,0186388,0828,F,86,Spanish,B,RW149,W,넣어요,N EO EO iO,N EO J EO iO,"Counter({'C': 4, 'I': 1})",4,0,1,0,insertion of < J >,0.14285714285714285
1207,0209643,0917,F,98,Spanish,A,RS047,S,얼굴 보니 너 무슨 안 좋은 일 있구나,EO L G U L B O N I N EO M U S EU N A N J O EU N I L I t GG U N A,EO L G U L B O N I N EO M U S EU N A N J O EU N I I t GG U N A,"Counter({'C': 29, 'D': 1})",29,0,0,1,deletion of < L >,0.025806451612903226
1208,0209649,0917,F,98,Spanish,A,RS050,S,국내선 공항과 국제선 공항이 다르다는 것을 왜 미리 말씀해 주시지 않으셨어요,G U NG N E S EO N G O NG H A NG G oA G U k JJ E S EO N G O NG H A NG I D A R EU D A N EU N G EO S EU L OE M I R I M A L SS EU M H E J U S I J I A N EU S iEO SS EO iO,G U NG NG N E S EO N G O NG H A NG G oA G U k JJ E S EO N G O NG H A NG I D A R EU D A N EU N G EO S EU L OE M I R I M A L SS EU M H E J U S I J I A N EU S iEO SS EO iO,"Counter({'C': 72, 'I': 1})",72,0,1,0,insertion of < NG >,0.01288659793814433
1209,0209670,0917,F,98,Spanish,A,RS063,S,그렇게 힘든 일을 누가 하겠어요,G EU R EO Kh E H I M D EU N I R EU L N U G A A G E SS EO iO,G EU R EO Kh E H I M D EU N I R EU N U G A A G E SS EO iO,"Counter({'C': 25, 'D': 1})",25,0,0,1,deletion of < L >,0.028985507246376812
1210,0209358,0917,F,98,Spanish,A,RW046,W,부부,B U B U,M U B U,"Counter({'C': 3, 'S': 1})",3,1,0,0,substitution of < B > to < M >,0.05
1385,0238779,1025,M,0,Spanish,A,RS035,S,왜 항상 언니 용돈은 많고 내 용돈은 조금이지,OE H A NG S A NG EO N N I iO NG D O N EU N M A N Kh O N E iO NG D O N EU N J O G EU M I J I,OE H A NG S A NG EO N N I J iO NG D O N EU N M A N Kh O N E iO NG D O N EU N J O G EU M I J I,"Counter({'C': 40, 'I': 1})",40,0,1,0,insertion of < J >,0.018433179723502304
1386,0238212,1025,M,0,Spanish,A,RW046,W,부부,B U B U,D U B U,"Counter({'C': 3, 'S': 1})",3,1,0,0,substitution of < B > to < D >,0.05
1387,0238666,1025,M,0,Spanish,A,RW140,W,물이,M U R I,BB U R I,"Counter({'C': 3, 'S': 1})",3,1,0,0,substitution of < M > to < BB >,0.14285714285714285
2082,0450818,1918,F,90,Spanish,B,RS007,S,금요일이 좋아요 일요일이 좋아요,G EU M iO I R I J O A iO I R iO I R I J O A iO,G EU M M iO I R I J O A iO I R R iO I R I J O A iO,"Counter({'C': 21, 'I': 2})",21,0,2,0,"insertion of < M >, insertion of < R >",0.06666666666666667
2083,0450826,1918,F,90,Spanish,B,RS008,S,일 년 전 우리가 한국말을 어떻게 했는지 생각 나세요,I L N iEO N J EO N U R I G A H A N G U NG M A R EU L EO DD EO Kh E H E N N EU N J I S E NG G A k N A S E iO,I L N iEO N J EO N E U R I G A H A N G U NG M A R EU L EO DD EO Kh E H E N N EU N J I S E NG G A k N A S E iO,"Counter({'C': 48, 'I': 1})",48,0,1,0,insertion of < E >,0.01556420233463035
2084,0452855,1918,F,90,Spanish,B,RS012,S,벽에 잘 붙어 있도록 잘 붙이세요,B iEO G E J A L B U Th EO I t DD O R O k J A L B U Th I S E iO,B iEO iEO G E J A L B U Th EO I t DD O R O k J A L B U Th I S E iO,"Counter({'C': 28, 'I': 1})",28,0,1,0,insertion of < iEO >,0.03896103896103896
2085,0452887,1918,F,90,Spanish,B,RS023,S,주말에 별일 없으면 우리 집에 와서 밥 같이 먹어요,J U M A R E B iEO R I N EO p SS EU M iEO N U R I J I B E oA S EO B A p G A Th I M EO G EO iO,J U M A R E B iEO R I N N EO p SS EU M iEO N U R I J I B E oA S EO B A p G A Th I M EO G EO iO,"Counter({'C': 40, 'I': 1})",40,0,1,0,insertion of < N >,0.01834862385321101
2086,0452986,1918,F,90,Spanish,B,RS065,S,이번엔 절대로 실수하지 않을 거야,I B EO N E N J EO L D E R O S I L S U A J I A N EU L G EO iA,I B EO N E N N J EO L D E R O S I L S U A J I A N EU L G EO iA,"Counter({'C': 28, 'I': 1})",28,0,1,0,insertion of < N >,0.02666666666666667
2087,0450272,1918,F,90,Spanish,B,RW095,W,무릎,M U R EU p,M U R EU k,"Counter({'C': 4, 'S': 1})",4,1,0,0,substitution of < p > to < k >,0.038461538461538464
2088,0450309,1918,F,90,Spanish,B,RW100,W,급하다,G EU Ph A D A,H EU A D A,"Counter({'C': 4, 'S': 1, 'D': 1})",4,1,0,1,"substitution of < G > to < H >, deletion of < Ph >",0.1875
2409,0240284,1020,F,98,Spanish,A,RP003,P,의사소통 과정 중에서 말하기와 쓰기 같은 표현 기능이 더 중요할까 듣기와 읽기 같은 기능이 더 중요할까 나는 이해 영역이 더 중요하고 특히 듣기가 기본이라고 생각한다 다른 이의 말을 듣고 그 말을 이해해야 의사소통을 계속할 수 있기 때문이다 따라서 진정한 의사소통은 듣기에서부터 시작한다고 주장하고 싶다,euI S A S O Th O NG G oA J EO NG J U NG E S EO M A R H A G I oA SS EU G I G A Th EU N Ph iO iEO N G I N EU NG I D EO J U NG iO A L GG A D EU t GG I oA I k GG I G A Th EU N G I N EU NG I D EO J U NG iO A L GG A N A N EU N I E iEO NG iEO G I D EO J U NG iO A G O Th EU Kh I D EU t GG I G A G I B O N I R A G O S E NG G A Kh A N D A D A R EU N I euI M A R EU L D EU t GG O G EU M A R EU L I E E iA euI S A S O Th O NG EU L G iE S O Kh A L S U I t GG I D E M U N I D A D A R A S EO J I N J EO NG H A N euI S A S O Th O NG EU N D EU t GG I E S EO B U Th EO S I J A Kh A N D A G O J U J A NG H A G O S I p DD A,euI S A S O Th O N H oA J EO N J U NG E S EO M A R A G I oA SS EU R I G A Th EU N Ph E iEO N G I R A NG EU L D EO J U NG iO A L GG A D EU G I oA I N J I G A Th EU N G I N NG I D EO J U NG iO A G A N EU N I E EO M NG EU L D EO J U NG iO A G O D EU Kh I D EO GG I A G I B U N I R A G O S E NG G A Kh A N D A D A R EU N I euI M A R EU L D EU G O G U M A R EU L I E E iA euI S A S O Th O NG EU L E S O Kh A L S U I GG I D E M U N I D A D A R A S EO S I N J A NG EU N euI S A S O Th O NG EU N EO GG I E S EO Th S I J A Kh A D A J U J A N A G O S I p DD A,"Counter({'C': 211, 'S': 28, 'D': 21, 'I': 1})",211,28,1,21,"substitution of < NG > to < N >, substitution of < G > to < H >, substitution of < NG > to < N >, deletion of < H >, substitution of < G > to < R >, substitution of < iO > to < E >, substitution of < N > to < R >, substitution of < EU > to < A >, insertion of < EU >, substitution of < I > to < L >, deletion of < t >, substitution of < GG > to < G >, substitution of < k > to < N >, substitution of < GG > to < J >, deletion of < EU >, deletion of < A >, deletion of < L >, deletion of < GG >, substitution of < N > to < G >, substitution of < iEO > to < EO >, substitution of < NG > to < M >, substitution of < iEO > to < NG >, substitution of < G > to < EU >, substitution of < I > to < L >, substitution of < Th > to < D >, deletion of < EU >, substitution of < t > to < EO >, deletion of < G >, substitution of < O > to < U >, deletion of < t >, substitution of < GG > to < G >, substitution of < EU > to < U >, deletion of < G >, substitution of < iE > to < E >, deletion of < t >, substitution of < J > to < S >, substitution of < EO > to < A >, deletion of < H >, substitution of < A > to < EU >, deletion of < D >, deletion of < EU >, substitution of < t > to < EO >, deletion of < B >, deletion of < U >, deletion of < EO >, deletion of < N >, deletion of < G >, deletion of < O >, deletion of < NG >, substitution of < H > to < N >",0.11420413990007137
2410,0240286,1020,F,98,Spanish,A,RP004,P,나는 아름다운 색을 사랑한다 예전 우리 유치원 선생님이 주신 색종이 같은 빨간색 보라색 자주색 녹색 이런 색깔을 나는 좋아한다 나는 우리나라 가을 하늘을 사랑한다 나는 오래된 가구의 색을 좋아한다 늙어가는 학자의 희끗희끗한 머리카락을 좋아한다 나는 이른 아침의 새 소리를 좋아하며 봄 시냇물 흐르는 소리를 즐긴다 갈대에 부는 바람 소리를 좋아하며 바다의 파도 소리를 들으면 아직도 가슴이 뛴다,N A N EU N A R EU M D A U N S E G EU L S A R A NG H A N D A iE J EO N U R I iU CHh I uEO N S EO N S E NG N I M I J U S I N S E k JJ O NG I G A Th EU N BB A L G A N S E k B O R A S E k J A J U S E k N O k SS E k I R EO N S E k GG A R EU L N A N EU N J O A A N D A N A N EU N U R I N A R A G A EU L H A N EU R EU L S A R A NG H A N D A N A N EU N O R E D OE N G A G U euI S E G EU L J O A A N D A N EU L G EO G A N EU N H A k JJ A euI H euI GG EU Th euI GG EU Th A N M EO R I Kh A R A G EU R J O A A N D A N A N EU N I R EU N A CHh I M euI S E S O R I R EU L J O A A M iEO B O M S I N E N M U L H EU R EU N EU N S O R I R EU L J EU L G I N D A G A L D E E B U N EU N B A R A M S O R I R EU L J O A A M iEO B A D A euI Ph A D O S O R I R EU L D EU R EU M iEO N A J I k DD O G A S EU M I DD UI N D A,N A N EU N A R EU M D A U N S E G EU L S A A NG H A N D A J EO N U R I I J I EO N S EO N S E NG N I M I J U S I J EO NG DD BB A L G A N E k R k A J U SS I R EO N S E k DD A R EU L J O A N D A U R I N A R A G A EU L A N EU L S A A NG A N D A R E D EU N Kh A G S E G EU L J O A A N D A EU G G N A A euI H G G EU Th A N M EO R G A R A G EU L J O A A N D A N I R EU L A CHh I M EU S E S EO R EU L J O A M iEO B EO M S I M EU L EU R S EO R L J EU G I N G EU L D E B O N B A R A M S EO R E R EU L J O A A M iEO N B A D A L Ph S EO R EU L D EU R M iEO DD G,"Counter({'C': 222, 'D': 110, 'S': 25, 'I': 1})",222,25,1,110,"deletion of < R >, deletion of < iE >, substitution of < iU > to < I >, substitution of < CHh > to < J >, substitution of < uEO > to < EO >, deletion of < N >, deletion of < S >, deletion of < E >, deletion of < k >, substitution of < JJ > to < J >, substitution of < O > to < EO >, deletion of < I >, deletion of < G >, deletion of < A >, deletion of < Th >, deletion of < EU >, substitution of < N > to < DD >, deletion of < S >, deletion of < B >, deletion of < O >, deletion of < A >, deletion of < S >, deletion of < E >, deletion of < J >, deletion of < S >, deletion of < E >, deletion of < k >, deletion of < N >, deletion of < O >, deletion of < k >, deletion of < E >, deletion of < k >, substitution of < GG > to < DD >, deletion of < N >, deletion of < A >, deletion of < N >, deletion of < EU >, deletion of < N >, deletion of < A >, deletion of < A >, deletion of < N >, deletion of < N >, deletion of < EU >, deletion of < N >, deletion of < H >, deletion of < EU >, deletion of < R >, deletion of < R >, deletion of < H >, deletion of < A >, deletion of < N >, deletion of < N >, deletion of < EU >, deletion of < N >, deletion of < O >, substitution of < OE > to < EU >, substitution of < G > to < Kh >, deletion of < U >, deletion of < euI >, deletion of < N >, deletion of < L >, deletion of < EO >, deletion of < A >, deletion of < N >, deletion of < EU >, deletion of < H >, deletion of < k >, deletion of < JJ >, deletion of < euI >, deletion of < GG >, deletion of < EU >, deletion of < Th >, substitution of < euI > to < G >, substitution of < GG > to < G >, deletion of < I >, substitution of < Kh > to < G >, substitution of < R > to < L >, deletion of < A >, deletion of < N >, deletion of < N >, deletion of < EU >, substitution of < N > to < L >, substitution of < euI > to < EU >, deletion of < O >, deletion of < R >, substitution of < I > to < EO >, deletion of < A >, substitution of < O > to < EO >, deletion of < N >, deletion of < E >, deletion of < N >, substitution of < U > to < EU >, deletion of < H >, deletion of < EU >, deletion of < N >, deletion of < EU >, deletion of < N >, deletion of < O >, deletion of < R >, substitution of < I > to < EO >, deletion of < EU >, deletion of < L >, deletion of < D >, deletion of < A >, substitution of < A > to < EU >, deletion of < E >, deletion of < U >, deletion of < N >, substitution of < EU > to < O >, substitution of < O > to < EO >, substitution of < I > to < E >, insertion of < N >, substitution of < euI > to < L >, deletion of < A >, deletion of < D >, deletion of < O >, deletion of < O >, deletion of < R >, substitution of < I > to < EO >, deletion of < EU >, deletion of < N >, deletion of < A >, deletion of < J >, deletion of < I >, deletion of < k >, deletion of < O >, deletion of < A >, deletion of < S >, deletion of < EU >, deletion of < M >, deletion of < I >, deletion of < DD >, deletion of < UI >, deletion of < N >, deletion of < D >, deletion of < A >",0.28480340063761955
2411,0240268,1020,F,98,Spanish,A,RS061,S,이게 다 니 책임이야,I G E D A N I CHh E G I M I iA,I G E D A N I CHh E G I M iA,"Counter({'C': 13, 'D': 1})",13,0,0,1,deletion of < I >,0.0547945205479452
2412,0235638,1020,F,98,Spanish,A,RW017,W,풀,Ph U L,Ph U,"Counter({'C': 2, 'D': 1})",2,0,0,1,deletion of < L >,0.3125
2413,0235778,1020,F,98,Spanish,A,RW046,W,부부,B U B U,D U B U,"Counter({'C': 3, 'S': 1})",3,1,0,0,substitution of < B > to < D >,0.05
2533,0261170,1100,F,95,Spanish,B,RP001,P,안녕하세요 여러분 저는 줄리앙이라고 합니다 프랑스에서 왔습니다 저는 한국 음식과 한국 문화에 관심이 있습니다 고향에서는 혼자 한국어를 공부했습니다 아직 한국어를 잘 못하지만 한국 생활이 재미있을 것 같습니다 여러분과 같이 공부하게 되어 정말 기쁩니다,A N N iEO NG H A S E iO iEO R EO B U N J EO N EU N J U L L I A NG I R A G O H A M N I D A Ph EU R A NG S EU E S EO oA S SS EU M N I D A J EO N EU N A N G U G EU M S I k GG oA A N G U G M U N oA E G oA N S I M I I S SS EU M N I D A G O iA NG E S EO N EU N H O N J A H A N G U G EO R EU L G O NG B U E S SS EU M N I D A A J I k H A N G U G EO R EU L J A L M O Th A J I M A N A N G U G S E NG H oA R I J E M I I SS EU L G EO t G A t SS EU M N I D A iEO R EO B U N G oA G A Th I G O NG B U A G E D OE EO J EO NG M A L G I BB EU M N I D A,A N N iEO NG H A S E A J EO R EO B O N J EO N EU N iEO L N iA NG I R A G O H A M N I D A Ph EU R E NG S EU E S EO oA S SS EU M N I D A J EO N EU N A N G U G EU M S I k GG oA A N G U G M U N oA E G oA N S I M I I S SS EU M N I D A G O iA NG E S EO N EU N H O N J A H A N G U G EO R EU L G O NG B U E S SS EU M N I D A A J I k A N G U G EO R EU L J A L M O Th A J I M A N A N G U G S E NG H oA R I J E M I SS EU L G EO t G A t SS EU M N I D A iEO R EO B U N G oA G A Th I G O NG B U A G E D OE EO J EO NG M A L G I BB EU M N I D A,"Counter({'C': 227, 'S': 7, 'D': 4, 'I': 1})",227,7,1,4,"insertion of < A >, substitution of < iO > to < J >, substitution of < iEO > to < EO >, substitution of < U > to < O >, deletion of < J >, deletion of < U >, substitution of < L > to < iEO >, substitution of < I > to < N >, substitution of < A > to < iA >, substitution of < A > to < E >, deletion of < H >, deletion of < I >",0.026273885350318472
2534,0261192,1100,F,95,Spanish,B,RP002,P,오늘은 한국어 수업이 있어요 수업은 오전 아홉 시에 시작해요 집에서 학교까지 삼십 분이 걸려요 일곱 시에 일어나서 아침을 먹었어요 여덟 시에 집에서 나갔어요 지하철역에 도착했어요 그런데 지갑이 없었어요 다시 집에 갔어요 책상 위에 지갑이 있었어요 지하철역까지 뛰어서 갔어요 학교에 여덟 시 오십 오 분에 도착했어요 수업에 안 늦었지만 정말 힘들었어요,O N EU R EU N H A N G U G EO S U EO B I I SS EO iO S U EO B EU N O J EO N A O p S I E S I J A Kh E iO J I B E S EO H A k GG iO GG A J I S A M S I p B U N I G EO L L iEO iO I L G O p S I E I R EO N A S EO A CHh I M EU L M EO G EO SS EO iO iEO D EO L B S I E J I B E S EO N A G A SS EO iO J I A CHh EO R iEO G E D O CHh A Kh E SS EO iO G EU R EO N D E J I G A B I EO p SS EO SS EO iO D A S I J I B E G A SS EO iO CHh E k SS A NG UI E J I G A B I I SS EO SS EO iO J I A CHh EO R iEO k GG A J I DD UI EO S EO G A SS EO iO H A k GG iO E iEO D EO L B S I O S I M O B U N E D O CHh A Kh E SS EO iO S U EO B E A N N EU J EO t JJ I M A N J EO NG M A L H I M D EU R EO SS EO iO,O N EU R EU N H A N G U G EO S U EO B I I SS EO iO S U EO B U N O J EO N A O p S I E S I J A Kh E iO J I B E S EO H A GG iO GG A J I S A M S I p B U N I G EO L L iEO iO I G O p S I E I R EO N A S EO A CHh I M E M EO G EO SS EO iEO D EO L B S I E J I B E S EO N A G A SS iO J I A CHh EO R iEO G E D O CHh A Kh E SS EO iO G EU R EO N D E J I G A B I EO p SS EO SS EO iO D A S I J I B E G A S EO iO J E k SS A N OE J I G A B I I SS EO SS EO iO J I A CHh EO iEO k GG A J I D OE EO S EO G A EO iO H A k GG iO E iEO D EO L B S I O p S I B O B EO N E D O CHh A Kh E SS EO iO S U EO B E A N EU J EO t JJ I M A N J EO NG M A L H I M D EU R EO SS EO iO,"Counter({'C': 263, 'S': 10, 'D': 9, 'I': 1})",263,10,1,9,"substitution of < EU > to < U >, deletion of < k >, deletion of < L >, deletion of < EU >, substitution of < L > to < E >, deletion of < iO >, deletion of < EO >, substitution of < SS > to < S >, substitution of < CHh > to < J >, deletion of < NG >, substitution of < UI > to < N >, substitution of < E > to < OE >, deletion of < R >, substitution of < DD > to < D >, substitution of < UI > to < OE >, deletion of < SS >, insertion of < p >, substitution of < M > to < B >, substitution of < U > to < EO >, deletion of < N >",0.044707429322813935
2535,0261001,1100,F,95,Spanish,B,RS002,S,여기 비빔밥 한 그릇 갖다 주세요,iEO G I B I B I M B A p H A N G EU R EU S G A t DD A J U S E iO,iEO G I B I B I M B A H A N G EU R EU S G A t DD A J U S E iO,"Counter({'C': 28, 'D': 1})",28,0,0,1,deletion of < p >,0.026490066225165563
2536,0261009,1100,F,95,Spanish,B,RS007,S,금요일이 좋아요 일요일이 좋아요,G EU M iO I R I J O A iO I R iO I R I J O A iO,G EU M iO I J O A iO I R iO I J O A iO,"Counter({'C': 17, 'D': 4})",17,0,0,4,"deletion of < I >, deletion of < R >, deletion of < I >, deletion of < R >",0.14545454545454545
2537,0261011,1100,F,95,Spanish,B,RS008,S,일 년 전 우리가 한국말을 어떻게 했는지 생각 나세요,I L N iEO N J EO N U R I G A H A N G U NG M A R EU L EO DD EO Kh E H E N N EU N J I S E NG G A k N A S E iO,I L N iEO N J EO N U R I G A H A N G U NG M A R EU L EO DD EO Kh E H H E N N EU N J I S E NG G A k N A S E iO,"Counter({'C': 48, 'I': 1})",48,0,1,0,insertion of < H >,0.01556420233463035
2538,0261021,1100,F,95,Spanish,B,RS012,S,벽에 잘 붙어 있도록 잘 붙이세요,B iEO G E J A L B U Th EO I t DD O R O k J A L B U Th I S E iO,B iEO iEO G E J A L B U Th EO I t DD O R O k J A L B U Th I S E iO,"Counter({'C': 28, 'I': 1})",28,0,1,0,insertion of < iEO >,0.03896103896103896
2539,0261145,1100,F,95,Spanish,B,RS072,S,수업 아직 안 끝났을걸,S U EO M A J I k A N GG EU N N A SS EU L G EO L,S U EO M N A J I k A N GG EU N N A SS EU L G EO L,"Counter({'C': 21, 'I': 1})",21,0,1,0,insertion of < N >,0.034482758620689655
3411,0391585,1440,M,97,Spanish,A,RP003,P,의사소통 과정 중에서 말하기와 쓰기 같은 표현 기능이 더 중요할까 듣기와 읽기 같은 기능이 더 중요할까 나는 이해 영역이 더 중요하고 특히 듣기가 기본이라고 생각한다 다른 이의 말을 듣고 그 말을 이해해야 의사소통을 계속할 수 있기 때문이다 따라서 진정한 의사소통은 듣기에서부터 시작한다고 주장하고 싶다,euI S A S O Th O NG G oA J EO NG J U NG E S EO M A R H A G I oA SS EU G I G A Th EU N Ph iO iEO N G I N EU NG I D EO J U NG iO A L GG A D EU t GG I oA I k GG I G A Th EU N G I N EU NG I D EO J U NG iO A L GG A N A N EU N I E iEO NG iEO G I D EO J U NG iO A G O Th EU Kh I D EU t GG I G A G I B O N I R A G O S E NG G A Kh A N D A D A R EU N I euI M A R EU L D EU t GG O G EU M A R EU L I E E iA euI S A S O Th O NG EU L G iE S O Kh A L S U I t GG I D E M U N I D A D A R A S EO J I N J EO NG H A N euI S A S O Th O NG EU N D EU t GG I E S EO B U Th EO S I J A Kh A N D A G O J U J A NG H A G O S I p DD A,euI S A S O Th O NG G oA J EO NG J U NG E S EO M A R H A G I oA SS EU D I G A Th EU N iEO iEO N G I N EU NG I EO J U NG iO H A L GG A Th EU Kh I oA I N G I G A Th EU N G I N EU NG I D EO J U iO H A L GG A D A N EU N I E euI iEO N iEO G I D EO J U NG iO A G O Th EU Kh I D EU GG I G A G I B EO N I R A G O S E NG G A Kh A N D A D A R EU N I euI M oA R EU L D EU t GG O G EU M A R EU L I E H E iA euI S A S O Th O NG EU L G iE S O Kh A L S U I t GG I D E M U N I D A D A R A S EO J E NG J U NG H A N euI S A S O Th O NG EU N Th EU Kh I S EO B U Th EO S I J A A D A G O J U J A NG H A G O S I p DD A,"Counter({'C': 235, 'S': 17, 'D': 8, 'I': 3})",235,17,3,8,"substitution of < G > to < D >, deletion of < Ph >, substitution of < iO > to < iEO >, deletion of < D >, insertion of < H >, substitution of < D > to < Th >, deletion of < t >, substitution of < GG > to < Kh >, substitution of < k > to < N >, substitution of < GG > to < G >, substitution of < NG > to < iO >, substitution of < iO > to < H >, substitution of < N > to < D >, insertion of < euI >, substitution of < NG > to < N >, deletion of < t >, substitution of < O > to < EO >, substitution of < A > to < oA >, insertion of < H >, substitution of < I > to < E >, substitution of < N > to < NG >, substitution of < EO > to < U >, substitution of < D > to < Th >, deletion of < t >, substitution of < GG > to < Kh >, deletion of < E >, deletion of < Kh >, deletion of < N >",0.06086341118188252
3412,0391662,1440,M,97,Spanish,A,RP004,P,나는 아름다운 색을 사랑한다 예전 우리 유치원 선생님이 주신 색종이 같은 빨간색 보라색 자주색 녹색 이런 색깔을 나는 좋아한다 나는 우리나라 가을 하늘을 사랑한다 나는 오래된 가구의 색을 좋아한다 늙어가는 학자의 희끗희끗한 머리카락을 좋아한다 나는 이른 아침의 새 소리를 좋아하며 봄 시냇물 흐르는 소리를 즐긴다 갈대에 부는 바람 소리를 좋아하며 바다의 파도 소리를 들으면 아직도 가슴이 뛴다,N A N EU N A R EU M D A U N S E G EU L S A R A NG H A N D A iE J EO N U R I iU CHh I uEO N S EO N S E NG N I M I J U S I N S E k JJ O NG I G A Th EU N BB A L G A N S E k B O R A S E k J A J U S E k N O k SS E k I R EO N S E k GG A R EU L N A N EU N J O A A N D A N A N EU N U R I N A R A G A EU L H A N EU R EU L S A R A NG H A N D A N A N EU N O R E D OE N G A G U euI S E G EU L J O A A N D A N EU L G EO G A N EU N H A k JJ A euI H euI GG EU Th euI GG EU Th A N M EO R I Kh A R A G EU R J O A A N D A N A N EU N I R EU N A CHh I M euI S E S O R I R EU L J O A A M iEO B O M S I N E N M U L H EU R EU N EU N S O R I R EU L J EU L G I N D A G A L D E E B U N EU N B A R A M S O R I R EU L J O A A M iEO B A D A euI Ph A D O S O R I R EU L D EU R EU M iEO N A J I k DD O G A S EU M I DD UI N D A,N A N EU N A R EU M D A U N S E G EU L S A R A NG A N D A iE J EO N O R I iU S I uEO N J EO N S E N I M I J J I N S E k J EO NG I G A Th EU N BB A L G A N S E k BB O R A N S E k A J U S E k N O k SS E k I R EO N S E NG S E k GG A R EU L N A N EU N J O A A N D A N A N EU N U R I N A R A GG A EU L H A N EU R EU L S A R A H A N D A N A N EU N O R E B O M G A GG euI S E G EU L J O A A N D A N EU L G O G A N EU N H A L JJ A euI EU G EU EU G EU A N M O R I GG A R A G EU L J O A N D A N A N EU N I R EO N A CHh I M EU S E S EO R I R EU L J O A A M iEO B O NG CHh I N E M O L H EU R EU N EU N S O R I R EU L J EU L G I N D A G A L D E euI B O N EU N S A BB A R A M S O R I R EU L J O A A M iEO B A D A euI B A DD O S EO R I R EU L DD EU R D EU R EU M iEO N A CHh I k DD O G A S EU M I D OE N D A,"Counter({'C': 310, 'S': 36, 'D': 11, 'I': 9})",310,36,9,11,"deletion of < H >, substitution of < U > to < O >, substitution of < CHh > to < S >, substitution of < S > to < J >, deletion of < NG >, deletion of < U >, substitution of < S > to < J >, substitution of < JJ > to < J >, substitution of < O > to < EO >, substitution of < B > to < BB >, insertion of < N >, deletion of < J >, insertion of < S >, insertion of < E >, insertion of < NG >, substitution of < G > to < GG >, deletion of < NG >, substitution of < D > to < B >, substitution of < OE > to < O >, substitution of < N > to < M >, deletion of < G >, substitution of < U > to < GG >, substitution of < EO > to < O >, substitution of < k > to < L >, deletion of < H >, substitution of < euI > to < EU >, substitution of < GG > to < G >, deletion of < Th >, substitution of < euI > to < EU >, substitution of < GG > to < G >, deletion of < Th >, substitution of < EO > to < O >, substitution of < Kh > to < GG >, substitution of < R > to < L >, deletion of < A >, substitution of < EU > to < EO >, substitution of < euI > to < EU >, substitution of < O > to < EO >, substitution of < M > to < NG >, substitution of < S > to < CHh >, deletion of < N >, substitution of < U > to < O >, substitution of < E > to < euI >, substitution of < U > to < O >, insertion of < S >, insertion of < A >, substitution of < B > to < BB >, substitution of < Ph > to < B >, substitution of < D > to < DD >, substitution of < O > to < EO >, insertion of < DD >, insertion of < EU >, insertion of < R >, substitution of < J > to < CHh >, substitution of < DD > to < D >, substitution of < UI > to < OE >",0.08808290155440414
3413,0390378,1440,M,97,Spanish,A,RS034,S,새로 생긴 식당에 가 봤는데 분위기가 아주 좋던데요,S E R O S E NG G I N S I k DD A NG E G A B oA N N EU N D E B U N UI G I G A A J U J O Th EO N D E iO,S E R O S I k DD A NG E,"Counter({'D': 35, 'C': 11})",11,0,0,35,"deletion of < S >, deletion of < E >, deletion of < NG >, deletion of < G >, deletion of < I >, deletion of < N >, deletion of < E >, deletion of < G >, deletion of < A >, deletion of < B >, deletion of < oA >, deletion of < N >, deletion of < N >, deletion of < EU >, deletion of < N >, deletion of < D >, deletion of < E >, deletion of < B >, deletion of < U >, deletion of < N >, deletion of < UI >, deletion of < G >, deletion of < I >, deletion of < G >, deletion of < A >, deletion of < A >, deletion of < J >, deletion of < U >, deletion of < J >, deletion of < O >, deletion of < Th >, deletion of < EO >, deletion of < N >, deletion of < D >, deletion of < iO >",0.6192468619246861
3414,0390727,1440,M,97,Spanish,A,RS044,S,권력과 공권력의 차이점이 뭔지 아세요,G uEO N N iEO k GG oA G O NG G uEO N N iEO G euI CHh A I J EO M I M uEO N J I A S E iO,G uEO NG N uEO N iEO k GG oA G O NG G O G N iEO G euI CHh A I J EO M I M uEO N N J I A S E iO,"Counter({'C': 32, 'I': 3, 'S': 2})",32,2,3,0,"insertion of < NG >, insertion of < uEO >, substitution of < uEO > to < O >, substitution of < N > to < G >, insertion of < N >",0.0966183574879227
3415,0390781,1440,M,97,Spanish,A,RS045,S,뒷일은 나중에 생각하고 급한 불부터 끕시다,D UI S I R EU N N A J U NG E S E NG G A Kh A G O G EU Ph A N B U L B U Th EO G EU p SS I D A,D UI S I R EU N N A J U N E S E NG G A Kh A G O G EU Ph A N B U L B U Th EO G EU p SS I D A,"Counter({'C': 40, 'S': 1})",40,1,0,0,substitution of < NG > to < N >,0.009259259259259259
3416,0390901,1440,M,97,Spanish,A,RS047,S,얼굴 보니 너 무슨 안 좋은 일 있구나,EO L G U L B O N I N EO M U S EU N A N J O EU N I L I t GG U N A,EO L G U L B O N I N EO U S EU N A N J O EU N I L I t GG U N A,"Counter({'C': 29, 'D': 1})",29,0,0,1,deletion of < M >,0.025806451612903226
3417,0391074,1440,M,97,Spanish,A,RS051,S,창문이 열렸네요 닫아 주세요,CHh A NG M U N I iEO L L iEO N N E iO D A D A J U S E iO,CHh A NG M U N I iEO iEO L L iEO N N E iO D A D A J U S E iO,"Counter({'C': 24, 'I': 1})",24,0,1,0,insertion of < iEO >,0.04411764705882353
3418,0379696,1440,M,97,Spanish,A,RW004,W,싱싱하다,S I NG S I NG H A D A,J I p JJ I M M A D A,"Counter({'S': 5, 'C': 5})",5,5,0,0,"substitution of < S > to < J >, substitution of < NG > to < p >, substitution of < S > to < JJ >, substitution of < NG > to < M >, substitution of < H > to < M >",0.20754716981132076
3419,0379940,1440,M,97,Spanish,A,RW017,W,풀,Ph U L,Ph O N,"Counter({'S': 2, 'C': 1})",1,2,0,0,"substitution of < U > to < O >, substitution of < L > to < N >",0.125
3420,0380580,1440,M,97,Spanish,A,RW072,W,회의,H OE euI,H OE I,"Counter({'C': 2, 'S': 1})",2,1,0,0,substitution of < euI > to < I >,0.1111111111111111
3421,0380624,1440,M,97,Spanish,A,RW075,W,무늬,M U N euI,M U R euI,"Counter({'C': 3, 'S': 1})",3,1,0,0,substitution of < N > to < R >,0.045454545454545456
3422,0380683,1440,M,97,Spanish,A,RW081,W,상금,S A NG G EU M,S A NG G O M,"Counter({'C': 5, 'S': 1})",5,1,0,0,substitution of < EU > to < O >,0.09375
3423,0380770,1440,M,97,Spanish,A,RW091,W,부엌,B U EO Kh,B U EU Kh,"Counter({'C': 3, 'S': 1})",3,1,0,0,substitution of < EO > to < EU >,0.045454545454545456
3424,0380800,1440,M,97,Spanish,A,RW095,W,무릎,M U R EU p,N O R iEO k,"Counter({'S': 4, 'C': 1})",1,4,0,0,"substitution of < M > to < N >, substitution of < U > to < O >, substitution of < EU > to < iEO >, substitution of < p > to < k >",0.2222222222222222
3425,0381204,1440,M,97,Spanish,A,RW129,W,맥락,M E NG N A k,M E NG A N A k,"Counter({'C': 6, 'I': 1})",6,0,1,0,insertion of < A >,0.1111111111111111
3426,0381212,1440,M,97,Spanish,A,RW130,W,격려,G iEO NG N iEO,G iEO NG N iEO iEO,"Counter({'C': 5, 'I': 1})",5,0,1,0,insertion of < iEO >,0.16216216216216217
3427,0381360,1440,M,97,Spanish,A,RW146,W,근로자,G EU N N O J A,G EU N N O N O J A,"Counter({'C': 7, 'I': 2})",7,0,2,0,"insertion of < N >, insertion of < O >",0.17391304347826086
3438,0395121,1450,F,99,Spanish,A,RP003,P,의사소통 과정 중에서 말하기와 쓰기 같은 표현 기능이 더 중요할까 듣기와 읽기 같은 기능이 더 중요할까 나는 이해 영역이 더 중요하고 특히 듣기가 기본이라고 생각한다 다른 이의 말을 듣고 그 말을 이해해야 의사소통을 계속할 수 있기 때문이다 따라서 진정한 의사소통은 듣기에서부터 시작한다고 주장하고 싶다,euI S A S O Th O NG G oA J EO NG J U NG E S EO M A R H A G I oA SS EU G I G A Th EU N Ph iO iEO N G I N EU NG I D EO J U NG iO A L GG A D EU t GG I oA I k GG I G A Th EU N G I N EU NG I D EO J U NG iO A L GG A N A N EU N I E iEO NG iEO G I D EO J U NG iO A G O Th EU Kh I D EU t GG I G A G I B O N I R A G O S E NG G A Kh A N D A D A R EU N I euI M A R EU L D EU t GG O G EU M A R EU L I E E iA euI S A S O Th O NG EU L G iE S O Kh A L S U I t GG I D E M U N I D A D A R A S EO J I N J EO NG H A N euI S A S O Th O NG EU N D EU t GG I E S EO B U Th EO S I J A Kh A N D A G O J U J A NG H A G O S I p DD A,euI S A S EO Th O N G oA J A N J U NG E S EO M A R H A G I oA SS EU G I G A Th EU N Ph iEO N G A N A NG I D EO J U NG iO A L GG A D EU G I oA I L J I G A Th EU N G A N A NG I EO J U NG iO A L GG A N A N EU N I E EO N iEO NG EU EO J U NG iO A G O D EU Kh I G I G A G I B U I R A G O S E NG G A Kh A D A D A R EU N I euI M A R EU L D EU R O G EU M A R EU L I E E iA euI S A S O Th O NG EU L GG iE S O Kh A L S U I GG I D E M U N I D A D A R S EO J I N J A NG A N euI S A S O Th O NG EU L D EU Kh I E S EO M U Th EO S I J A Kh A D A G O J U J A N A G O S I p DD A,"Counter({'C': 219, 'S': 25, 'D': 16})",219,25,0,16,"substitution of < O > to < EO >, substitution of < NG > to < N >, substitution of < EO > to < A >, substitution of < NG > to < N >, deletion of < iO >, substitution of < I > to < A >, substitution of < EU > to < A >, deletion of < t >, substitution of < GG > to < G >, substitution of < k > to < L >, substitution of < GG > to < J >, substitution of < I > to < A >, substitution of < EU > to < A >, deletion of < D >, substitution of < iEO > to < EO >, substitution of < NG > to < N >, deletion of < G >, substitution of < I > to < NG >, substitution of < D > to < EU >, substitution of < Th > to < D >, deletion of < D >, deletion of < EU >, deletion of < t >, substitution of < GG > to < G >, deletion of < O >, substitution of < N > to < U >, deletion of < N >, deletion of < t >, substitution of < GG > to < R >, substitution of < G > to < GG >, deletion of < t >, deletion of < A >, substitution of < EO > to < A >, deletion of < H >, substitution of < N > to < L >, deletion of < t >, substitution of < GG > to < Kh >, substitution of < B > to < M >, deletion of < N >, deletion of < NG >, substitution of < H > to < N >",0.09363831308077197
3439,0395152,1450,F,99,Spanish,A,RP004,P,나는 아름다운 색을 사랑한다 예전 우리 유치원 선생님이 주신 색종이 같은 빨간색 보라색 자주색 녹색 이런 색깔을 나는 좋아한다 나는 우리나라 가을 하늘을 사랑한다 나는 오래된 가구의 색을 좋아한다 늙어가는 학자의 희끗희끗한 머리카락을 좋아한다 나는 이른 아침의 새 소리를 좋아하며 봄 시냇물 흐르는 소리를 즐긴다 갈대에 부는 바람 소리를 좋아하며 바다의 파도 소리를 들으면 아직도 가슴이 뛴다,N A N EU N A R EU M D A U N S E G EU L S A R A NG H A N D A iE J EO N U R I iU CHh I uEO N S EO N S E NG N I M I J U S I N S E k JJ O NG I G A Th EU N BB A L G A N S E k B O R A S E k J A J U S E k N O k SS E k I R EO N S E k GG A R EU L N A N EU N J O A A N D A N A N EU N U R I N A R A G A EU L H A N EU R EU L S A R A NG H A N D A N A N EU N O R E D OE N G A G U euI S E G EU L J O A A N D A N EU L G EO G A N EU N H A k JJ A euI H euI GG EU Th euI GG EU Th A N M EO R I Kh A R A G EU R J O A A N D A N A N EU N I R EU N A CHh I M euI S E S O R I R EU L J O A A M iEO B O M S I N E N M U L H EU R EU N EU N S O R I R EU L J EU L G I N D A G A L D E E B U N EU N B A R A M S O R I R EU L J O A A M iEO B A D A euI Ph A D O S O R I R EU L D EU R EU M iEO N A J I k DD O G A S EU M I DD UI N D A,N A N EU N A R EU M D A U N S E G EU L S A A NG H A N D A E J EO N U R I J I EO N S EO N S E NG N I M I J U S I N S E k J EO NG I G A DD EU N BB A L G A N S E k B O R A S E k A J EO E k N O SS E I R EO N S E k G A R EU L N A N EU N J O A A N D A N A N EU N U R I N A R A G A H A N EU R EU L S A A NG H A N D A EU N EO R E D OE N G A G euI S E G EU L J O A A N D A N EU EO G N EU N H A L JJ A euI G EU Kh G EU Th A N M EO R I G A R A G EU L J O A D A N N EU N I R EU A CHh I M E S E S EO R I EU L J O A M iEO N B J I euI M EU L H EU R EU N EU N S EO R I EU L J EU L G I N D A G EO L D E B O N EU N B A R A M S EO R I EU L J O A A M iEO N BB A D A euI Ph A R O S EO R R EU L D EU R EU M iEO N A J I DD O G A SS EU M I D EU N D A,"Counter({'C': 292, 'D': 33, 'S': 32, 'I': 1})",292,32,1,33,"deletion of < R >, substitution of < iE > to < E >, deletion of < iU >, substitution of < CHh > to < J >, substitution of < uEO > to < EO >, substitution of < JJ > to < J >, substitution of < O > to < EO >, substitution of < Th > to < DD >, deletion of < J >, deletion of < U >, substitution of < S > to < EO >, deletion of < k >, deletion of < k >, substitution of < GG > to < G >, deletion of < EU >, deletion of < L >, deletion of < R >, deletion of < A >, deletion of < N >, deletion of < N >, substitution of < O > to < EO >, deletion of < U >, deletion of < L >, deletion of < G >, deletion of < A >, substitution of < k > to < L >, deletion of < euI >, deletion of < H >, substitution of < GG > to < G >, deletion of < Th >, substitution of < euI > to < Kh >, substitution of < GG > to < G >, substitution of < Kh > to < G >, substitution of < R > to < L >, deletion of < A >, deletion of < N >, deletion of < A >, deletion of < N >, substitution of < euI > to < E >, substitution of < O > to < EO >, deletion of < R >, deletion of < A >, deletion of < B >, substitution of < O > to < N >, substitution of < M > to < B >, substitution of < S > to < J >, deletion of < N >, deletion of < E >, substitution of < N > to < euI >, substitution of < U > to < EU >, substitution of < O > to < EO >, deletion of < R >, substitution of < A > to < EO >, deletion of < E >, substitution of < U > to < O >, substitution of < O > to < EO >, deletion of < R >, insertion of < N >, substitution of < B > to < BB >, substitution of < D > to < R >, substitution of < O > to < EO >, deletion of < I >, deletion of < k >, substitution of < S > to < SS >, substitution of < DD > to < D >, substitution of < UI > to < EU >",0.11534391534391535
3440,0394464,1450,F,99,Spanish,A,RS040,S,이렇게 감사의 말씀을 전할 수 있을 정도로 성장했습니다,I R EO Kh E G A M S A euI M A L SS EU M EU L J EO N A L S U I SS EU L J EO NG D O R O S EO NG J A NG H E S SS EU M N I D A,I R EO Kh E G A M S A euI M A L SS EU M EU J EO N A L S U I SS EU L J EO NG D O R O S EO NG J A NG H E S SS EU M N I D A,"Counter({'C': 52, 'D': 1})",52,0,0,1,deletion of < L >,0.014184397163120567
3441,0394567,1450,F,99,Spanish,A,RS045,S,뒷일은 나중에 생각하고 급한 불부터 끕시다,D UI S I R EU N N A J U NG E S E NG G A Kh A G O G EU Ph A N B U L B U Th EO G EU p SS I D A,D EU S I R EU N N A J U NG E S E NG G A Kh A G O G EU Ph A N B U L B U Th EO G EU p SS I D A,"Counter({'C': 40, 'S': 1})",40,1,0,0,substitution of < UI > to < EU >,0.009259259259259259
3442,0394607,1450,F,99,Spanish,A,RS047,S,얼굴 보니 너 무슨 안 좋은 일 있구나,EO L G U L B O N I N EO M U S EU N A N J O EU N I L I t GG U N A,EO L G U L B O N I N EO M U S EU EU N A N J O EU N I L I t GG U N A,"Counter({'C': 30, 'I': 1})",30,0,1,0,insertion of < EU >,0.031055900621118012
3443,0394994,1450,F,99,Spanish,A,RS068,S,그것도 옷이라고 입고 다니니,G EU G EO t DD O O S I R A G O I p GG O D A N I N I,G EU G EO t DD O O S I R A G O I p GG O D A D N N I,"Counter({'C': 22, 'S': 2})",22,2,0,0,"substitution of < N > to < D >, substitution of < I > to < N >",0.06201550387596899
3444,0393028,1450,F,99,Spanish,A,RW017,W,풀,Ph U L,BB O R I,"Counter({'S': 3, 'I': 1})",0,3,1,0,"insertion of < BB >, substitution of < Ph > to < O >, substitution of < U > to < R >, substitution of < L > to < I >",0.6875
3445,0393089,1450,F,99,Spanish,A,RW031,W,구하다,G U A D A,Ph oA D A,"Counter({'S': 2, 'C': 2, 'D': 1})",2,2,0,1,"deletion of < G >, substitution of < U > to < Ph >, substitution of < A > to < oA >",0.35714285714285715
5085,0466155,1928,F,2,Spanish,A,RP003,P,의사소통 과정 중에서 말하기와 쓰기 같은 표현 기능이 더 중요할까 듣기와 읽기 같은 기능이 더 중요할까 나는 이해 영역이 더 중요하고 특히 듣기가 기본이라고 생각한다 다른 이의 말을 듣고 그 말을 이해해야 의사소통을 계속할 수 있기 때문이다 따라서 진정한 의사소통은 듣기에서부터 시작한다고 주장하고 싶다,euI S A S O Th O NG G oA J EO NG J U NG E S EO M A R H A G I oA SS EU G I G A Th EU N Ph iO iEO N G I N EU NG I D EO J U NG iO A L GG A D EU t GG I oA I k GG I G A Th EU N G I N EU NG I D EO J U NG iO A L GG A N A N EU N I E iEO NG iEO G I D EO J U NG iO A G O Th EU Kh I D EU t GG I G A G I B O N I R A G O S E NG G A Kh A N D A D A R EU N I euI M A R EU L D EU t GG O G EU M A R EU L I E E iA euI S A S O Th O NG EU L G iE S O Kh A L S U I t GG I D E M U N I D A D A R A S EO J I N J EO NG H A N euI S A S O Th O NG EU N D EU t GG I E S EO B U Th EO S I J A Kh A N D A G O J U J A NG H A G O S I p DD A,euI S A S EO Th O N H oA J A N J U NG E S EO M A R H A G I oA SS EU G I G A Th EU N Ph iO iEO I N EU I J U S EU N iO A L A EO G I oA I G I Kh A Th EU N G I N EU NG I D EO J U NG iO A L GG A A N EU N I E EO N G EO Kh I R EO J U NG iO A G O Th EU Kh I D EU G I G A G I B U N I R A G O S E NG G A Kh A N DD A D A R EU N I E M A N EU L D EU G O G O M A R EU L I E E iA I S A S EO Th O NG EU L G iE S O Kh A L S U I t GG I D E M EO N I D A D A R A S EO J I N J A N A N euI S A S O Th O NG EU L EO GG I E S EO U Th EO S I J A D A N D A G O J U J A NG H A G O S I p DD A,"Counter({'C': 212, 'S': 34, 'D': 14, 'I': 1})",212,34,1,14,"substitution of < O > to < EO >, substitution of < NG > to < N >, substitution of < G > to < H >, substitution of < EO > to < A >, substitution of < NG > to < N >, deletion of < N >, deletion of < G >, deletion of < NG >, substitution of < D > to < J >, substitution of < EO > to < U >, substitution of < J > to < S >, substitution of < U > to < EU >, substitution of < NG > to < N >, deletion of < GG >, deletion of < D >, deletion of < EU >, substitution of < t > to < EO >, substitution of < GG > to < G >, deletion of < k >, substitution of < GG > to < G >, substitution of < G > to < Kh >, deletion of < N >, insertion of < EO >, substitution of < iEO > to < N >, substitution of < NG > to < G >, substitution of < iEO > to < EO >, substitution of < G > to < Kh >, substitution of < D > to < R >, deletion of < t >, substitution of < GG > to < G >, substitution of < O > to < U >, substitution of < D > to < DD >, substitution of < euI > to < E >, substitution of < R > to < N >, deletion of < t >, substitution of < GG > to < G >, substitution of < EU > to < O >, substitution of < euI > to < I >, substitution of < O > to < EO >, substitution of < U > to < EO >, deletion of < EO >, substitution of < NG > to < A >, substitution of < H > to < N >, deletion of < N >, deletion of < D >, substitution of < EU > to < L >, substitution of < t > to < EO >, deletion of < B >, substitution of < Kh > to < D >",0.11448763250883393
5086,0466158,1928,F,2,Spanish,A,RP004,P,나는 아름다운 색을 사랑한다 예전 우리 유치원 선생님이 주신 색종이 같은 빨간색 보라색 자주색 녹색 이런 색깔을 나는 좋아한다 나는 우리나라 가을 하늘을 사랑한다 나는 오래된 가구의 색을 좋아한다 늙어가는 학자의 희끗희끗한 머리카락을 좋아한다 나는 이른 아침의 새 소리를 좋아하며 봄 시냇물 흐르는 소리를 즐긴다 갈대에 부는 바람 소리를 좋아하며 바다의 파도 소리를 들으면 아직도 가슴이 뛴다,N A N EU N A R EU M D A U N S E G EU L S A R A NG H A N D A iE J EO N U R I iU CHh I uEO N S EO N S E NG N I M I J U S I N S E k JJ O NG I G A Th EU N BB A L G A N S E k B O R A S E k J A J U S E k N O k SS E k I R EO N S E k GG A R EU L N A N EU N J O A A N D A N A N EU N U R I N A R A G A EU L H A N EU R EU L S A R A NG H A N D A N A N EU N O R E D OE N G A G U euI S E G EU L J O A A N D A N EU L G EO G A N EU N H A k JJ A euI H euI GG EU Th euI GG EU Th A N M EO R I Kh A R A G EU R J O A A N D A N A N EU N I R EU N A CHh I M euI S E S O R I R EU L J O A A M iEO B O M S I N E N M U L H EU R EU N EU N S O R I R EU L J EU L G I N D A G A L D E E B U N EU N B A R A M S O R I R EU L J O A A M iEO B A D A euI Ph A D O S O R I R EU L D EU R EU M iEO N A J I k DD O G A S EU M I DD UI N D A,N A N EU N A R EU M D A U M S I G EU L S A A NG H A N D A J EO N U R I I J I EO N S EO N S E N I M I J U S I J EO NG I G EO Th EU BB A L G A N SS E k BB O R A k J A J U S M SS EU I EO N S E NG G A R EU L J O A N D A EU N U R I N A R G A EU H A G EU L S A A A N D A N EU N EO N N E D EU N Kh A Kh U I M S I G EU L J O A N D A E Kh EO G N EU N H A L JJ A euI H E GG EU H E G EU Th A N M EO R I G A R A G EU L J O A N D A N EU N EO N A J I M E S E S EO R I R EU L J O A M iEO N B O M S I N EU M EU L H EU D EU N S EO R L J EU G I N D A G A L D E euI M EU L B A R A N S EO R EU L J O A A M iEO N B A D A euI Ph A S EO R I R EU L D EU L M iEO N J I k DD EO G A SS EU M I Th EU N,"Counter({'C': 246, 'D': 60, 'S': 51, 'I': 3})",246,51,3,60,"substitution of < N > to < M >, substitution of < E > to < I >, deletion of < R >, deletion of < iE >, substitution of < iU > to < I >, substitution of < CHh > to < J >, substitution of < uEO > to < EO >, deletion of < NG >, deletion of < N >, deletion of < S >, deletion of < E >, deletion of < k >, substitution of < JJ > to < J >, substitution of < O > to < EO >, substitution of < A > to < EO >, deletion of < N >, substitution of < S > to < SS >, substitution of < B > to < BB >, deletion of < S >, deletion of < E >, deletion of < E >, deletion of < k >, deletion of < N >, deletion of < O >, substitution of < k > to < M >, deletion of < E >, substitution of < k > to < EU >, deletion of < R >, substitution of < k > to < NG >, substitution of < GG > to < G >, deletion of < N >, deletion of < A >, deletion of < N >, deletion of < EU >, deletion of < N >, deletion of < A >, deletion of < A >, deletion of < N >, deletion of < N >, deletion of < A >, deletion of < L >, deletion of < N >, deletion of < EU >, substitution of < R > to < G >, deletion of < R >, deletion of < NG >, deletion of < H >, substitution of < A > to < EU >, substitution of < EU > to < EO >, deletion of < O >, substitution of < R > to < N >, substitution of < OE > to < EU >, substitution of < G > to < Kh >, substitution of < G > to < Kh >, insertion of < I >, substitution of < euI > to < M >, substitution of < E > to < I >, deletion of < A >, deletion of < N >, deletion of < EU >, substitution of < L > to < E >, substitution of < G > to < Kh >, deletion of < A >, substitution of < k > to < L >, substitution of < euI > to < E >, substitution of < Th > to < H >, substitution of < euI > to < E >, substitution of < GG > to < G >, substitution of < Kh > to < G >, substitution of < R > to < L >, deletion of < A >, deletion of < A >, deletion of < N >, deletion of < I >, deletion of < R >, substitution of < EU > to < EO >, substitution of < CHh > to < J >, substitution of < euI > to < E >, substitution of < O > to < EO >, deletion of < A >, insertion of < N >, deletion of < E >, substitution of < N > to < EU >, substitution of < U > to < EU >, deletion of < EU >, deletion of < R >, substitution of < N > to < D >, deletion of < O >, deletion of < R >, substitution of < I > to < EO >, deletion of < EU >, deletion of < L >, deletion of < E >, deletion of < B >, substitution of < U > to < euI >, substitution of < N > to < M >, substitution of < N > to < L >, substitution of < M > to < N >, deletion of < O >, deletion of < R >, substitution of < I > to < EO >, insertion of < N >, deletion of < D >, deletion of < O >, substitution of < O > to < EO >, deletion of < R >, substitution of < EU > to < L >, deletion of < A >, substitution of < O > to < EO >, substitution of < S > to < SS >, substitution of < DD > to < Th >, substitution of < UI > to < EU >, deletion of < D >, deletion of < A >",0.2032563025210084
5087,0466008,1928,F,2,Spanish,A,RS040,S,이렇게 감사의 말씀을 전할 수 있을 정도로 성장했습니다,I R EO Kh E G A M S A euI M A L SS EU M EU L J EO N A L S U I SS EU L J EO NG D O R O S EO NG J A NG H E S SS EU M N I D A,I R EO Kh E G A M S A euI M A L SS EU M EU L J EO N A L S U I SS EU L J EO N NG D O R O S EO NG J A NG H E S SS EU M N I D A,"Counter({'C': 53, 'I': 1})",53,0,1,0,insertion of < N >,0.013937282229965157
5088,0466027,1928,F,2,Spanish,A,RS043,S,은행이 이렇게 문을 일찍 닫는 걸 알았다면 서둘렀을 텐데요,EU N E NG I I R EO Kh E M U N EU L I L JJ I k D A N N EU N G EO L A R A t DD A M iEO N S EO D U L L EO SS EU L Th E N D E iO,EU N E NG I I R EO Kh E M U N EU L I L JJ I k D A N N EU EU N G EO L A R A t DD A M iEO N S EO D U L L EO SS EU L Th E N D E iO,"Counter({'C': 54, 'I': 1})",54,0,1,0,insertion of < EU >,0.017064846416382253
5089,0466038,1928,F,2,Spanish,A,RS044,S,권력과 공권력의 차이점이 뭔지 아세요,G uEO N N iEO k GG oA G O NG G uEO N N iEO G euI CHh A I J EO M I M uEO N J I A S E iO,G uEO N N iEO k GG oA G O NG G uEO N N iEO G euI CHh A I J EO M I M uEO uEO N J I A S E iO,"Counter({'C': 34, 'I': 1})",34,0,1,0,insertion of < uEO >,0.030612244897959183
5090,0466042,1928,F,2,Spanish,A,RS045,S,뒷일은 나중에 생각하고 급한 불부터 끕시다,D UI S I R EU N N A J U NG E S E NG G A Kh A G O G EU Ph A N B U L B U Th EO G EU p SS I D A,D S I R EU N N A J U NG E S E NG G A Kh A G O G EU Ph A N B U L B U Th EO G EU p SS I D A,"Counter({'C': 40, 'D': 1})",40,0,0,1,deletion of < UI >,0.023148148148148147
5091,0466057,1928,F,2,Spanish,A,RS047,S,얼굴 보니 너 무슨 안 좋은 일 있구나,EO L G U L B O N I N EO M U S EU N A N J O EU N I L I t GG U N A,EO L G U L O I N EO M U S EU N A N J O EU N I I t GG U N A,"Counter({'C': 27, 'D': 3})",27,0,0,3,"deletion of < B >, deletion of < N >, deletion of < L >",0.07741935483870968
5092,0454007,1928,F,2,Spanish,A,RW068,W,권하다,G uEO N A D A,G uEO N A A D A,"Counter({'C': 6, 'I': 1})",6,0,1,0,insertion of < A >,0.10810810810810811
5093,0454027,1928,F,2,Spanish,A,RW088,W,빨래,BB A L L E,BB A L L I,"Counter({'C': 4, 'S': 1})",4,1,0,0,substitution of < E > to < I >,0.038461538461538464
5921,0509864,2153,F,99,Spanish,B,RP001,P,안녕하세요 여러분 저는 줄리앙이라고 합니다 프랑스에서 왔습니다 저는 한국 음식과 한국 문화에 관심이 있습니다 고향에서는 혼자 한국어를 공부했습니다 아직 한국어를 잘 못하지만 한국 생활이 재미있을 것 같습니다 여러분과 같이 공부하게 되어 정말 기쁩니다,A N N iEO NG H A S E iO iEO R EO B U N J EO N EU N J U L L I A NG I R A G O H A M N I D A Ph EU R A NG S EU E S EO oA S SS EU M N I D A J EO N EU N A N G U G EU M S I k GG oA A N G U G M U N oA E G oA N S I M I I S SS EU M N I D A G O iA NG E S EO N EU N H O N J A H A N G U G EO R EU L G O NG B U E S SS EU M N I D A A J I k H A N G U G EO R EU L J A L M O Th A J I M A N A N G U G S E NG H oA R I J E M I I SS EU L G EO t G A t SS EU M N I D A iEO R EO B U N G oA G A Th I G O NG B U A G E D OE EO J EO NG M A L G I BB EU M N I D A,M E U NG H A S E iO iEO R EO B U N J EO N E J U R A NG I R A G O H A M N I D A Ph A R A NG S EU E S EO oA S SS EU M N I D A J EO N E A N G U G EU M S I k GG oA A N G U G M U N oA G oA N S I M I S SS EU M N I D A G O iA NG E S EO N EU N H O N CHh A A N G U G EO R EU L B O B U A G E S SS EU M N I D A A J I k A N G U G EO R EU L J A L M O H A J I M A N A N G U G S E NG H oA L J E M I N N EU N G EO t G A t SS EU M N I D A iEO R EO B U N G oA G A J I G O M B U A N EU N G E D EO J EO NG M A L G I p SS EU M N I D A,"Counter({'C': 209, 'S': 17, 'D': 12, 'I': 6})",209,17,6,12,"deletion of < A >, substitution of < N > to < M >, substitution of < N > to < E >, substitution of < iEO > to < U >, deletion of < EU >, substitution of < N > to < E >, deletion of < L >, deletion of < L >, substitution of < I > to < R >, substitution of < EU > to < A >, deletion of < EU >, substitution of < N > to < E >, deletion of < E >, deletion of < I >, substitution of < J > to < CHh >, deletion of < H >, substitution of < G > to < B >, deletion of < NG >, insertion of < A >, insertion of < G >, deletion of < H >, substitution of < Th > to < H >, deletion of < R >, substitution of < I > to < L >, substitution of < I > to < N >, substitution of < SS > to < N >, substitution of < L > to < N >, substitution of < Th > to < J >, substitution of < NG > to < M >, insertion of < N >, insertion of < EU >, insertion of < N >, deletion of < OE >, insertion of < p >, substitution of < BB > to < SS >",0.0873634945397816
5922,0509907,2153,F,99,Spanish,B,RP002,P,오늘은 한국어 수업이 있어요 수업은 오전 아홉 시에 시작해요 집에서 학교까지 삼십 분이 걸려요 일곱 시에 일어나서 아침을 먹었어요 여덟 시에 집에서 나갔어요 지하철역에 도착했어요 그런데 지갑이 없었어요 다시 집에 갔어요 책상 위에 지갑이 있었어요 지하철역까지 뛰어서 갔어요 학교에 여덟 시 오십 오 분에 도착했어요 수업에 안 늦었지만 정말 힘들었어요,O N EU R EU N H A N G U G EO S U EO B I I SS EO iO S U EO B EU N O J EO N A O p S I E S I J A Kh E iO J I B E S EO H A k GG iO GG A J I S A M S I p B U N I G EO L L iEO iO I L G O p S I E I R EO N A S EO A CHh I M EU L M EO G EO SS EO iO iEO D EO L B S I E J I B E S EO N A G A SS EO iO J I A CHh EO R iEO G E D O CHh A Kh E SS EO iO G EU R EO N D E J I G A B I EO p SS EO SS EO iO D A S I J I B E G A SS EO iO CHh E k SS A NG UI E J I G A B I I SS EO SS EO iO J I A CHh EO R iEO k GG A J I DD UI EO S EO G A SS EO iO H A k GG iO E iEO D EO L B S I O S I M O B U N E D O CHh A Kh E SS EO iO S U EO B E A N N EU J EO t JJ I M A N J EO NG M A L H I M D EU R EO SS EO iO,O N EU A N G U G S U EO B I I SS EO iO S U EO B EU N O J EO N A O p S I S I J A Kh E iO J I B E S EO H A GG iO k GG A Th I S I S A M S I p B U N G EO L L iEO iO I L G O p S I E I R EO N A S EO A CHh I M EU L M EO G EO SS EO iO iEO D EO L B S I E J I B E N A G A SS EO iO J I A CHh EO L iEO G E D O CHh A Kh E S EO G EU R EO Kh E J I G A B I EO p SS EO S EO D A S I J I B E G A SS EO iO J I k SS A NG UI E UI E J I G A B I I SS EO SS EO iO J I A CHh EO R iEO k GG A J I DD OE EO S EO G A SS EO iO H A k GG iO E iEO D EO L B S I O S I O B U N D O CHh A Kh E SS EO iO S U EO E A N EU N EU J EO S I M A N J EO NG A M L H I M D EU R EO iO,"Counter({'C': 252, 'D': 19, 'S': 11, 'I': 6})",252,11,6,19,"deletion of < EU >, deletion of < R >, deletion of < N >, deletion of < H >, deletion of < EO >, deletion of < E >, deletion of < k >, insertion of < k >, insertion of < Th >, insertion of < I >, substitution of < J > to < S >, deletion of < I >, deletion of < S >, deletion of < EO >, substitution of < R > to < L >, substitution of < SS > to < S >, deletion of < iO >, deletion of < N >, substitution of < D > to < Kh >, substitution of < SS > to < S >, deletion of < iO >, substitution of < CHh > to < J >, substitution of < E > to < I >, insertion of < UI >, insertion of < E >, substitution of < UI > to < OE >, deletion of < M >, deletion of < E >, deletion of < B >, insertion of < EU >, deletion of < t >, substitution of < JJ > to < S >, substitution of < M > to < A >, substitution of < A > to < M >, deletion of < EO >, deletion of < SS >",0.08886027044430135
5923,0509769,2153,F,99,Spanish,B,RS001,S,가족이 몇 명이에요,G A J O G I M iEO t M iEO NG I E iO,G A J O G M iEO t M iEO NG I E iO,"Counter({'C': 14, 'D': 1})",14,0,0,1,deletion of < I >,0.04938271604938271
5924,0509773,2153,F,99,Spanish,B,RS002,S,여기 비빔밥 한 그릇 갖다 주세요,iEO G I B I B I M B A p H A N G EU R EU S G A t DD A J U S E iO,NG A N U,"Counter({'D': 25, 'C': 3, 'S': 1})",3,1,0,25,"deletion of < iEO >, deletion of < G >, deletion of < I >, deletion of < B >, deletion of < I >, deletion of < B >, deletion of < I >, deletion of < M >, deletion of < B >, deletion of < A >, deletion of < p >, substitution of < H > to < NG >, deletion of < G >, deletion of < EU >, deletion of < R >, deletion of < EU >, deletion of < S >, deletion of < G >, deletion of < A >, deletion of < t >, deletion of < DD >, deletion of < A >, deletion of < J >, deletion of < S >, deletion of < E >, deletion of < iO >",0.7189542483660131
5925,0509783,2153,F,99,Spanish,B,RS004,S,저는 지금 음료수하고 꽃을 사러 갔다 와야 돼요,J EO N EU N J I G EU M EU M N iO S U A G O GG O CHh EU L S A R EO G A t DD A oA iA D OE iO,J EO N EU N J I G EU M EU M N iO S U A G O GG O CHh EU L S A R A G A t DD A oA iA D OE iO,"Counter({'C': 37, 'S': 1})",37,1,0,0,substitution of < EO > to < A >,0.014634146341463415
5926,0509784,2153,F,99,Spanish,B,RS005,S,여권 사진을 찍어야 되는데 어디에서 찍으면 좋을까요,iEO G uEO N S A J I N EU L JJ I G EO iA D OE N EU N D E EO D I E S EO JJ I G EU M iEO N J O EU L GG A iO,iEO G uEO N S A J I N JJ I G EO iA D OE N EU N D E EO D I E S EO JJ I G EU M iEO N J O EU L GG A iO,"Counter({'C': 41, 'D': 2})",41,0,0,2,"deletion of < EU >, deletion of < L >",0.038461538461538464
5927,0509789,2153,F,99,Spanish,B,RS008,S,일 년 전 우리가 한국말을 어떻게 했는지 생각 나세요,I L N iEO N J EO N U R I G A H A N G U NG M A R EU L EO DD EO Kh E H E N N EU N J I S E NG G A k N A S E iO,I L N iEO N J EO N U R I G A H A N G U NG M A L L EO DD EO Kh E H E N N EU N J I S E NG G A k N A S E iO,"Counter({'C': 46, 'D': 1, 'S': 1})",46,1,0,1,"deletion of < R >, substitution of < EU > to < L >",0.027777777777777776
5928,0509835,2153,F,99,Spanish,B,RS063,S,그렇게 힘든 일을 누가 하겠어요,G EU R EO Kh E H I M D EU N I R EU L N U G A A G E SS EO iO,G EU R EO Kh E H I M D EU I L N U G A A G E SS EO iO,"Counter({'C': 23, 'D': 3})",23,0,0,3,"deletion of < N >, deletion of < R >, deletion of < EU >",0.09420289855072464
5929,0509116,2153,F,99,Spanish,B,RW009,W,우리,U R I,GG O R I,"Counter({'C': 2, 'I': 1, 'S': 1})",2,1,1,0,"insertion of < GG >, substitution of < U > to < O >",0.5333333333333333
5930,0509247,2153,F,99,Spanish,B,RW063,W,왜,OE,,Counter({'D': 1}),0,0,0,1,deletion of < OE >,0.6666666666666666
5931,0509374,2153,F,99,Spanish,B,RW107,W,겪다,G iEO k DD A,G iEO iEO k N A,"Counter({'C': 4, 'I': 1, 'S': 1})",4,1,1,0,"insertion of < iEO >, substitution of < DD > to < N >",0.2571428571428571
5932,0509488,2153,F,99,Spanish,B,RW114,W,끝이,GG EU Th I,G EU L SS I,"Counter({'S': 2, 'C': 2, 'I': 1})",2,2,1,0,"substitution of < GG > to < G >, insertion of < L >, substitution of < Th > to < SS >",0.2857142857142857
5933,0509510,2153,F,99,Spanish,B,RW122,W,옛날,iE N N A L,iE N N U L,"Counter({'C': 4, 'S': 1})",4,1,0,0,substitution of < A > to < U >,0.038461538461538464
5934,0509513,2153,F,99,Spanish,B,RW123,W,집집마다,J I p JJ I M M A D A,J I p JJ I M A D A,"Counter({'C': 9, 'D': 1})",9,0,0,1,deletion of < M >,0.0784313725490196
5935,0509518,2153,F,99,Spanish,B,RW126,W,짓누르다,J I N N U R EU D A,J I N N U R A,"Counter({'C': 7, 'D': 2})",7,0,0,2,"deletion of < EU >, deletion of < D >",0.1956521739130435
5936,0509523,2153,F,99,Spanish,B,RW128,W,궁리,G U NG N I,GG O NG R I,"Counter({'S': 3, 'C': 2})",2,3,0,0,"substitution of < G > to < GG >, substitution of < U > to < O >, substitution of < N > to < R >",0.14814814814814814
6302,0563268,2280,F,95,Spanish,B,RP001,P,안녕하세요 여러분 저는 줄리앙이라고 합니다 프랑스에서 왔습니다 저는 한국 음식과 한국 문화에 관심이 있습니다 고향에서는 혼자 한국어를 공부했습니다 아직 한국어를 잘 못하지만 한국 생활이 재미있을 것 같습니다 여러분과 같이 공부하게 되어 정말 기쁩니다,A N N iEO NG H A S E iO iEO R EO B U N J EO N EU N J U L L I A NG I R A G O H A M N I D A Ph EU R A NG S EU E S EO oA S SS EU M N I D A J EO N EU N A N G U G EU M S I k GG oA A N G U G M U N oA E G oA N S I M I I S SS EU M N I D A G O iA NG E S EO N EU N H O N J A H A N G U G EO R EU L G O NG B U E S SS EU M N I D A A J I k H A N G U G EO R EU L J A L M O Th A J I M A N A N G U G S E NG H oA R I J E M I I SS EU L G EO t G A t SS EU M N I D A iEO R EO B U N G oA G A Th I G O NG B U A G E D OE EO J EO NG M A L G I BB EU M N I D A,A N N iEO NG H A S E iO iEO R EO B U N J EO N EU N J EO N I A N I R A G O H A M N I D A G EU R A NG S EU E S EO oA S SS EU M N I D A J EO N EU N A N G U G EU M S I k GG oA GG oA N G U G M U N oA euI G oA S I M I I p SS EU M N I D A G O iA NG E S EO N EU N H O N J A H A N G U G EO R EU L G O NG B U E S SS EU M N I D A A J I k H A N G U G EO R EU L J A L M O Th A J I M A N A N G U G S E NG H oA R I J E M I S EU R EU L G EO t G A t SS EU M N I D A iEO R EO B U N G oA G A Th I G O NG B U A G E D U E EO J EO NG M A L G I M O NG M N I D A,"Counter({'C': 224, 'S': 12, 'I': 4, 'D': 2})",224,12,4,2,"deletion of < U >, substitution of < L > to < EO >, substitution of < L > to < N >, substitution of < NG > to < N >, substitution of < Ph > to < G >, insertion of < GG >, substitution of < A > to < oA >, substitution of < E > to < euI >, deletion of < N >, substitution of < S > to < p >, insertion of < S >, substitution of < I > to < EU >, substitution of < SS > to < R >, insertion of < U >, substitution of < OE > to < E >, insertion of < M >, substitution of < BB > to < O >, substitution of < EU > to < NG >",0.04317111459968603
6303,0563274,2280,F,95,Spanish,B,RP002,P,오늘은 한국어 수업이 있어요 수업은 오전 아홉 시에 시작해요 집에서 학교까지 삼십 분이 걸려요 일곱 시에 일어나서 아침을 먹었어요 여덟 시에 집에서 나갔어요 지하철역에 도착했어요 그런데 지갑이 없었어요 다시 집에 갔어요 책상 위에 지갑이 있었어요 지하철역까지 뛰어서 갔어요 학교에 여덟 시 오십 오 분에 도착했어요 수업에 안 늦었지만 정말 힘들었어요,O N EU R EU N H A N G U G EO S U EO B I I SS EO iO S U EO B EU N O J EO N A O p S I E S I J A Kh E iO J I B E S EO H A k GG iO GG A J I S A M S I p B U N I G EO L L iEO iO I L G O p S I E I R EO N A S EO A CHh I M EU L M EO G EO SS EO iO iEO D EO L B S I E J I B E S EO N A G A SS EO iO J I A CHh EO R iEO G E D O CHh A Kh E SS EO iO G EU R EO N D E J I G A B I EO p SS EO SS EO iO D A S I J I B E G A SS EO iO CHh E k SS A NG UI E J I G A B I I SS EO SS EO iO J I A CHh EO R iEO k GG A J I DD UI EO S EO G A SS EO iO H A k GG iO E iEO D EO L B S I O S I M O B U N E D O CHh A Kh E SS EO iO S U EO B E A N N EU J EO t JJ I M A N J EO NG M A L H I M D EU R EO SS EO iO,O N EU R EU N H A N G U G EO S U EO B I I SS EO iO S U EO B EU N O J EU M A O p S I E S I J A Kh E iO I B E S EO H A GG iO GG A J I S A M S I p B N I G EO L L iEO iO I L G O p I S I E I R EO N A S EO A CHh I M E M EO G EO SS EO iO iEO D EO L B S I E J I B E S EO N A G A SS EO iO J I A CHh EO L iEO Kh E D O JJ A Kh E SS EO iO G EU R EO N D E S I G EU M I EO p SS EO SS EO iO D A S I J I B E G A SS EO iO S I k SS A NG E J I G A B I I SS EO SS EO iO J I A CHh EO L iEO GG A J I D U E S EO G A SS EO iO H A N G U G E iEO iEO D EO L B S I O p S I O EO N E D O JJ A Kh E SS EO iO S U EO B E A N N O A JJ I M A N J EO NG M A L H I M D EU R EO SS EO iO,"Counter({'C': 250, 'S': 22, 'D': 10, 'I': 4})",250,22,4,10,"substitution of < EO > to < EU >, substitution of < N > to < M >, deletion of < J >, deletion of < k >, deletion of < U >, insertion of < I >, deletion of < EU >, substitution of < L > to < E >, substitution of < R > to < L >, substitution of < G > to < Kh >, substitution of < CHh > to < JJ >, substitution of < J > to < S >, substitution of < A > to < EU >, substitution of < B > to < M >, substitution of < CHh > to < S >, substitution of < E > to < I >, deletion of < UI >, substitution of < R > to < L >, deletion of < k >, substitution of < DD > to < D >, substitution of < UI > to < U >, substitution of < EO > to < E >, insertion of < N >, substitution of < k > to < G >, substitution of < GG > to < U >, substitution of < iO > to < G >, insertion of < iEO >, insertion of < p >, deletion of < M >, deletion of < B >, substitution of < U > to < EO >, substitution of < CHh > to < JJ >, deletion of < EU >, deletion of < J >, substitution of < EO > to < O >, substitution of < t > to < A >",0.06952566601689408
6304,0555240,2280,F,95,Spanish,B,RS003,S,십만 원만 빌려줄 수 있어요,S I M M A N uEO N M A N B I L L iEO J U L S U I SS EO iO,S I M M A N uEO N M A N B iEO L L iEO J U L S U I SS EO iO,"Counter({'C': 24, 'S': 1})",24,1,0,0,substitution of < I > to < iEO >,0.03731343283582089
6305,0555247,2280,F,95,Spanish,B,RS004,S,저는 지금 음료수하고 꽃을 사러 갔다 와야 돼요,J EO N EU N J I G EU M EU M N iO S U A G O GG O CHh EU L S A R EO G A t DD A oA iA D OE iO,J EO N EU N J I G EU M EO N iO S U A G O GG O CHh EU L S EU R EO G A t DD A oA iA D OE iO,"Counter({'C': 35, 'S': 2, 'D': 1})",35,2,0,1,"deletion of < EU >, substitution of < M > to < EO >, substitution of < A > to < EU >",0.05314009661835749
6306,0563202,2280,F,95,Spanish,B,RS006,S,음식 만드는 것을 좋아하세요,EU M S I k M A N D EU N EU N G EO S EU L J O A A S E iO,EU M S I G EU L M A N D EU N EU N G EO S EU L J O A A S E iO,"Counter({'C': 24, 'I': 2, 'S': 1})",24,1,2,0,"insertion of < G >, insertion of < EU >, substitution of < k > to < L >",0.07042253521126761
6307,0555259,2280,F,95,Spanish,B,RS007,S,금요일이 좋아요 일요일이 좋아요,G EU M iO I R I J O A iO I R iO I R I J O A iO,EU N EU G O R iO iO I R I N O A A D A,"Counter({'C': 9, 'D': 6, 'S': 6, 'I': 2})",9,6,2,6,"deletion of < G >, deletion of < M >, deletion of < iO >, deletion of < I >, substitution of < R > to < N >, substitution of < I > to < EU >, substitution of < J > to < G >, substitution of < A > to < R >, deletion of < I >, deletion of < R >, substitution of < J > to < N >, insertion of < A >, insertion of < D >, substitution of < iO > to < A >",0.425
6308,0555262,2280,F,95,Spanish,B,RS008,S,일 년 전 우리가 한국말을 어떻게 했는지 생각 나세요,I L N iEO N J EO N U R I G A H A N G U NG M A R EU L EO DD EO Kh E H E N N EU N J I S E NG G A k N A S E iO,I L N iEO N J EO N U R I G A H A N G U NG M A R EU L EO DD EO Kh E H E N EU N N EU N J I S E G A k N A S E iO,"Counter({'C': 47, 'I': 2, 'D': 1})",47,0,2,1,"insertion of < N >, insertion of < EU >, deletion of < NG >",0.053231939163498096
6309,0555270,2280,F,95,Spanish,B,RS010,S,퇴근시간이라서 길이 많이 막히나 봐요,Th OE G EU N S I G A N I R A S EO G I R I M A N I M A Kh I N A B oA iO,OE G EU p S I G A N I R A S EO G I R I M A N I M A Kh A N I B oA iO,"Counter({'C': 28, 'S': 3, 'D': 1})",28,3,0,1,"deletion of < Th >, substitution of < N > to < p >, substitution of < I > to < A >, substitution of < A > to < I >",0.05952380952380952
6310,0555275,2280,F,95,Spanish,B,RS011,S,얼굴이 안 좋은데 무슨 일 있어요,EO L G U R I A N J O EU N D E M U S EU N I L I SS EO iO,EO L G U R I A N J O EU EU N D E M U S EU N I SS EO SS EO,"Counter({'C': 22, 'S': 2, 'I': 1, 'D': 1})",22,2,1,1,"insertion of < EU >, substitution of < L > to < SS >, substitution of < I > to < EO >, deletion of < iO >",0.13286713286713286
6311,0555293,2280,F,95,Spanish,B,RS016,S,새 직장이 마음에 들면 좋겠네요,S E J I k JJ A NG I M A EU M E D EU L M iEO N J O Kh E N N E iO,S E J I JJ A I M A EU M E D EU L M iEO N EU J O Kh E S SS EU M N,"Counter({'C': 22, 'S': 4, 'D': 2, 'I': 2})",22,4,2,2,"deletion of < k >, deletion of < NG >, insertion of < EU >, insertion of < S >, substitution of < N > to < SS >, substitution of < N > to < EU >, substitution of < E > to < M >, substitution of < iO > to < N >",0.16149068322981366
6312,0555311,2280,F,95,Spanish,B,RS020,S,아버지와 어머니 중에서 누구하고 닮았어요,A B EO J I oA EO M EO N I J U NG E S EO N U G U A G O D A L M A SS EO iO,A B EO J I oA EO M EO N I J U E S EO N U G U A G O D U L A SS EO iO,"Counter({'C': 29, 'D': 2, 'S': 1})",29,1,0,2,"deletion of < NG >, substitution of < A > to < U >, deletion of < M >",0.05917159763313609
6313,0555318,2280,F,95,Spanish,B,RS021,S,이 일은 제가 한번 해 볼게요,I I R EU N J E G A H A N B EO N E B O L G E iO,I I R I N J E G A H A N B EO N E B O L G E iO,"Counter({'C': 21, 'S': 1})",21,1,0,0,substitution of < EU > to < I >,0.02654867256637168
6314,0555344,2280,F,95,Spanish,B,RS054,S,죄송하지만 못하겠습니다,J OE S O NG H A J I M A N M O Th A G E S SS EU M N I D A,J OE S O NG H A J I M A N M O M O Th A G E S SS EU M N I D A,"Counter({'C': 26, 'I': 2})",26,0,2,0,"insertion of < M >, insertion of < O >",0.05517241379310345
6315,0555396,2280,F,95,Spanish,B,RS057,S,잘 하는 짓이다,J A L A N EU N J I S I D A,J A L A N EU N J I M I D A,"Counter({'C': 12, 'S': 1})",12,1,0,0,substitution of < S > to < M >,0.015151515151515152
6316,0555398,2280,F,95,Spanish,B,RS058,S,미안 길이 막혀 늦었어,M I A N G I R I M A Kh iEO N EU J EO SS EO,M I A N G A J I A M A Kh iEO N N EU J EO SS EO,"Counter({'C': 16, 'S': 2, 'I': 2})",16,2,2,0,"substitution of < I > to < A >, substitution of < R > to < J >, insertion of < A >, insertion of < N >",0.09345794392523364
6317,0555417,2280,F,95,Spanish,B,RS061,S,이게 다 니 책임이야,I G E D A N I CHh E G I M I iA,I G E D A N I CHh E G G I M I iA,"Counter({'C': 14, 'I': 1})",14,0,1,0,insertion of < G >,0.05128205128205128
6318,0555422,2280,F,95,Spanish,B,RS062,S,이거 죄송해서 어떡하죠,I G EO J OE S O NG H E S EO EO DD EO Kh A CHh iO,I G EO J OE S O NG H E S EO EO DD EO EO DD EO Kh A CHh iO,"Counter({'C': 19, 'I': 3})",19,0,3,0,"insertion of < EO >, insertion of < EO >, insertion of < DD >",0.12096774193548387
6319,0555433,2280,F,95,Spanish,B,RS064,S,이따 전화할게,I DD A J EO N oA A L G E,I DD O J EO N oA A L G E,"Counter({'C': 10, 'S': 1})",10,1,0,0,substitution of < A > to < O >,0.017241379310344827
6320,0555436,2280,F,95,Spanish,B,RS065,S,이번엔 절대로 실수하지 않을 거야,I B EO N E N J EO L D E R O S I L S U A J I A N EU L G EO iA,I G EO N E J EO L D E R O S I L S U A J I A N EU L,"Counter({'C': 23, 'D': 4, 'S': 1})",23,1,0,4,"substitution of < B > to < G >, deletion of < N >, deletion of < G >, deletion of < EO >, deletion of < iA >",0.13793103448275862
6321,0555456,2280,F,95,Spanish,B,RS067,S,나 시험 백점 받았다 부럽지,N A S I EO M B E k JJ EO M B A D A t D A B U R EO p JJ I,N A S I EO M B E k JJ EO M A A t D A R I M,"Counter({'C': 18, 'D': 6, 'S': 2})",18,2,0,6,"deletion of < B >, deletion of < D >, deletion of < B >, deletion of < U >, deletion of < EO >, deletion of < p >, substitution of < JJ > to < I >, substitution of < I > to < M >",0.21481481481481482
6322,0555461,2280,F,95,Spanish,B,RS068,S,그것도 옷이라고 입고 다니니,G EU G EO t DD O O S I R A G O I p GG O D A N I N I,EU G EO t DD O O S I R A G O I p GG O D A N I N I,"Counter({'C': 23, 'D': 1})",23,0,0,1,deletion of < G >,0.048
6323,0555477,2280,F,95,Spanish,B,RS071,S,오늘은 지하철 타고 가자,O N EU R EU N J I A CHh EO L Th A G O G A J A,O N EU R EU N J I A CHh EO L Th A G O A J A,"Counter({'C': 19, 'D': 1})",19,0,0,1,deletion of < G >,0.03773584905660377
6324,0555480,2280,F,95,Spanish,B,RS072,S,수업 아직 안 끝났을걸,S U EO M A J I k A N GG EU N N A SS EU L G EO L,S U EO M A J I k A N GG EU N N A N SS EU L G EO L,"Counter({'C': 21, 'I': 1})",21,0,1,0,insertion of < N >,0.034482758620689655
6325,0555485,2280,F,95,Spanish,B,RS073,S,참 잘 했구나,CHh A M J A L H E t GG U N A,CHh A M J A L H E N GG U N A,"Counter({'C': 12, 'S': 1})",12,1,0,0,substitution of < t > to < N >,0.014705882352941176
6326,0554807,2280,F,95,Spanish,B,RW011,W,빨리,BB A L L I,BB A L I,"Counter({'C': 4, 'D': 1})",4,0,0,1,deletion of < L >,0.15384615384615385
6327,0554823,2280,F,95,Spanish,B,RW019,W,채소,CHh E S O,S E S U,"Counter({'S': 2, 'C': 2})",2,2,0,0,"substitution of < CHh > to < S >, substitution of < O > to < U >",0.2727272727272727
6328,0554826,2280,F,95,Spanish,B,RW022,W,꼬리,GG O R I,H O R I,"Counter({'C': 3, 'S': 1})",3,1,0,0,substitution of < GG > to < H >,0.14285714285714285
6329,0554830,2280,F,95,Spanish,B,RW026,W,바쁘다,B A BB EU D A,B A Ph A DD A,"Counter({'C': 3, 'S': 3})",3,3,0,0,"substitution of < BB > to < Ph >, substitution of < EU > to < A >, substitution of < D > to < DD >",0.21212121212121213
6330,0554865,2280,F,95,Spanish,B,RW053,W,중국,J U NG G U k,J EO L NG G U k,"Counter({'C': 5, 'I': 1, 'S': 1})",5,1,1,0,"insertion of < EO >, substitution of < U > to < L >",0.16216216216216217
6331,0554867,2280,F,95,Spanish,B,RW055,W,그림,G EU R I M,G EU NG N I M,"Counter({'C': 4, 'I': 1, 'S': 1})",4,1,1,0,"insertion of < NG >, substitution of < R > to < N >",0.1875
6332,0554869,2280,F,95,Spanish,B,RW057,W,야구,iA G U,iA k GG U k,"Counter({'C': 2, 'I': 2, 'S': 1})",2,1,2,0,"insertion of < k >, substitution of < G > to < GG >, insertion of < k >",0.4074074074074074
6333,0554900,2280,F,95,Spanish,B,RW073,W,사의,S A euI,J A I,"Counter({'S': 2, 'C': 1})",1,2,0,0,"substitution of < S > to < J >, substitution of < euI > to < I >",0.17647058823529413
6334,0554904,2280,F,95,Spanish,B,RW075,W,무늬,M U N euI,G U M O N I,"Counter({'I': 2, 'C': 2, 'S': 2})",2,2,2,0,"insertion of < G >, insertion of < U >, substitution of < U > to < O >, substitution of < euI > to < I >",0.34375
6335,0554934,2280,F,95,Spanish,B,RW086,W,가을,G A EU L,G A M,"Counter({'C': 2, 'D': 1, 'S': 1})",2,1,0,1,"deletion of < EU >, substitution of < L > to < M >",0.2857142857142857
6336,0554982,2280,F,95,Spanish,B,RW100,W,급하다,G EU Ph A D A,G U A D A,"Counter({'C': 4, 'D': 1, 'S': 1})",4,1,0,1,"deletion of < EU >, substitution of < Ph > to < U >",0.25
6337,0555012,2280,F,95,Spanish,B,RW107,W,겪다,G iEO k DD A,G I D A,"Counter({'C': 2, 'S': 2, 'D': 1})",2,2,0,1,"deletion of < iEO >, substitution of < k > to < I >, substitution of < DD > to < D >",0.32142857142857145
6338,0555046,2280,F,95,Spanish,B,RW116,W,해돋이,H E D O D I,H E D O I,"Counter({'C': 5, 'D': 1})",5,0,0,1,deletion of < D >,0.13333333333333333
6339,0555059,2280,F,95,Spanish,B,RW119,W,교육열,G iO iU G iEO R,G I N N iU R iEO,"Counter({'C': 3, 'I': 2, 'S': 2, 'D': 1})",3,2,2,1,"insertion of < I >, insertion of < N >, substitution of < iO > to < N >, substitution of < G > to < R >, deletion of < R >",0.4772727272727273
6340,0555062,2280,F,95,Spanish,B,RW120,W,작년,J A NG N iEO N,J A NG N iEO k,"Counter({'C': 5, 'S': 1})",5,1,0,0,substitution of < N > to < k >,0.030303030303030304
6341,0555098,2280,F,95,Spanish,B,RW128,W,궁리,G U NG N I,GG O R I,"Counter({'S': 3, 'D': 1, 'C': 1})",1,3,0,1,"deletion of < G >, substitution of < U > to < GG >, substitution of < NG > to < O >, substitution of < N > to < R >",0.35714285714285715
6342,0555147,2280,F,95,Spanish,B,RW139,W,쏟아요,SS O D A iO,SS I D EO iO,"Counter({'C': 3, 'S': 2})",3,2,0,0,"substitution of < O > to < I >, substitution of < A > to < EO >",0.14285714285714285
6343,0555150,2280,F,95,Spanish,B,RW141,W,깨끗이,GG E GG EU S I,H E GG A B I,"Counter({'S': 3, 'C': 3})",3,3,0,0,"substitution of < GG > to < H >, substitution of < EU > to < A >, substitution of < S > to < B >",0.21212121212121213
6344,0555161,2280,F,95,Spanish,B,RW145,W,인류,I N N iU,I N iU k,"Counter({'C': 2, 'S': 2})",2,2,0,0,"substitution of < N > to < iU >, substitution of < iU > to < k >",0.22727272727272727
6345,0555166,2280,F,95,Spanish,B,RW149,W,넣어요,N EO EO iO,N EO S iO,"Counter({'C': 3, 'S': 1})",3,1,0,0,substitution of < EO > to < S >,0.13043478260869565
6346,0555175,2280,F,95,Spanish,B,RW149,W,넣어요,N EO EO iO,G uEO N A iO,"Counter({'S': 3, 'I': 1, 'C': 1})",1,3,1,0,"insertion of < G >, substitution of < N > to < uEO >, substitution of < EO > to < N >, substitution of < EO > to < A >",0.4583333333333333
6876,0179006,563,F,97,Spanish,A,RP003,P,의사소통 과정 중에서 말하기와 쓰기 같은 표현 기능이 더 중요할까 듣기와 읽기 같은 기능이 더 중요할까 나는 이해 영역이 더 중요하고 특히 듣기가 기본이라고 생각한다 다른 이의 말을 듣고 그 말을 이해해야 의사소통을 계속할 수 있기 때문이다 따라서 진정한 의사소통은 듣기에서부터 시작한다고 주장하고 싶다,euI S A S O Th O NG G oA J EO NG J U NG E S EO M A R H A G I oA SS EU G I G A Th EU N Ph iO iEO N G I N EU NG I D EO J U NG iO A L GG A D EU t GG I oA I k GG I G A Th EU N G I N EU NG I D EO J U NG iO A L GG A N A N EU N I E iEO NG iEO G I D EO J U NG iO A G O Th EU Kh I D EU t GG I G A G I B O N I R A G O S E NG G A Kh A N D A D A R EU N I euI M A R EU L D EU t GG O G EU M A R EU L I E E iA euI S A S O Th O NG EU L G iE S O Kh A L S U I t GG I D E M U N I D A D A R A S EO J I N J EO NG H A N euI S A S O Th O NG EU N D EU t GG I E S EO B U Th EO S I J A Kh A N D A G O J U J A NG H A G O S I p DD A,euI S A S O Th O NG G oA J EO N J U NG E S EO M A R H A G I oA SS U G I Kh A Th O N G iO iEO N G I N NG I D EO J U NG iO A L GG A D EU G I oA I J I Kh A Th EU N G I N EU NG I D J U NG iO A L GG A N A N EU N I E iO NG N iEO G I D EO J U NG iO A G O Th EU I D EU I G A G I B U R I R A G O S E NG G A Kh A N D A D A R EU N euI M A R EU L D EU G O G EU M A R EU L I E E iA euI S A S EO Th O NG EU L iE S O Kh A L S U I t GG I D E M U N I D A A R A S EO J I N J EO N H A N euI S A S O Th O NG EU L EU G I E S EO B U Th EO J I J A Kh A D A G O J U NG S A N A G O S I p DD A,"Counter({'C': 225, 'S': 21, 'D': 14, 'I': 1})",225,21,1,14,"substitution of < NG > to < N >, substitution of < EU > to < U >, substitution of < G > to < Kh >, substitution of < EU > to < O >, substitution of < Ph > to < G >, deletion of < EU >, deletion of < t >, substitution of < GG > to < G >, deletion of < k >, substitution of < GG > to < J >, substitution of < G > to < Kh >, deletion of < EO >, substitution of < iEO > to < iO >, insertion of < N >, deletion of < Kh >, deletion of < t >, deletion of < GG >, substitution of < O > to < U >, substitution of < N > to < R >, deletion of < I >, deletion of < t >, substitution of < GG > to < G >, substitution of < O > to < EO >, deletion of < G >, deletion of < D >, substitution of < NG > to < N >, deletion of < N >, substitution of < D > to < L >, deletion of < t >, substitution of < GG > to < G >, substitution of < S > to < J >, deletion of < N >, substitution of < J > to < NG >, substitution of < A > to < S >, substitution of < NG > to < A >, substitution of < H > to < N >",0.07934238741958542
6877,0179028,563,F,97,Spanish,A,RP004,P,나는 아름다운 색을 사랑한다 예전 우리 유치원 선생님이 주신 색종이 같은 빨간색 보라색 자주색 녹색 이런 색깔을 나는 좋아한다 나는 우리나라 가을 하늘을 사랑한다 나는 오래된 가구의 색을 좋아한다 늙어가는 학자의 희끗희끗한 머리카락을 좋아한다 나는 이른 아침의 새 소리를 좋아하며 봄 시냇물 흐르는 소리를 즐긴다 갈대에 부는 바람 소리를 좋아하며 바다의 파도 소리를 들으면 아직도 가슴이 뛴다,N A N EU N A R EU M D A U N S E G EU L S A R A NG H A N D A iE J EO N U R I iU CHh I uEO N S EO N S E NG N I M I J U S I N S E k JJ O NG I G A Th EU N BB A L G A N S E k B O R A S E k J A J U S E k N O k SS E k I R EO N S E k GG A R EU L N A N EU N J O A A N D A N A N EU N U R I N A R A G A EU L H A N EU R EU L S A R A NG H A N D A N A N EU N O R E D OE N G A G U euI S E G EU L J O A A N D A N EU L G EO G A N EU N H A k JJ A euI H euI GG EU Th euI GG EU Th A N M EO R I Kh A R A G EU R J O A A N D A N A N EU N I R EU N A CHh I M euI S E S O R I R EU L J O A A M iEO B O M S I N E N M U L H EU R EU N EU N S O R I R EU L J EU L G I N D A G A L D E E B U N EU N B A R A M S O R I R EU L J O A A M iEO B A D A euI Ph A D O S O R I R EU L D EU R EU M iEO N A J I k DD O G A S EU M I DD UI N D A,N A N EU N A R EU M D A U N S E G A EU L S A R A M H A N D A iE J EO N E U R I iU J I uEO N S EO N S E NG N I M J U S I N S E k J EO NG I G A Th EU N BB A L A N S E k B O R A S E k A J U S E k N O SS E I R EO N S E k Kh A R EU L N A N EU L J O A A N D A N EU N U R I N A R A Kh A EU L H A N EU EU L S A R A N A N D A N EU N EO R E t DD N Kh A G OE S E G EU L J O A A N D A N U Kh U Kh A N EU N H A JJ A euI I Kh I M I DD EU Th A N EO R I Kh A R A G EU L J O A A N D A A N EU N I R EO N A t SS I M euI S E S EO R I R EU L J O A A M iEO B O M S I A M EU L H EU R EU N EU N S EO R I EU L J EU L G I N D A G EO L R A euI B U R EU N B A R A M S EO R I R EU L J O A A M iEO B A Ph A euI B DD O S EO R R EU L D EU L M iEO A J I k DD EO G SS EU M I D OE N D A,"Counter({'C': 287, 'S': 45, 'D': 25, 'I': 3})",287,45,3,25,"insertion of < A >, substitution of < NG > to < M >, insertion of < E >, substitution of < CHh > to < J >, deletion of < I >, substitution of < JJ > to < J >, substitution of < O > to < EO >, deletion of < G >, deletion of < J >, deletion of < k >, deletion of < k >, substitution of < GG > to < Kh >, substitution of < N > to < L >, deletion of < A >, deletion of < N >, substitution of < G > to < Kh >, deletion of < R >, deletion of < NG >, substitution of < H > to < N >, deletion of < A >, deletion of < N >, substitution of < O > to < EO >, substitution of < D > to < t >, substitution of < OE > to < DD >, substitution of < G > to < Kh >, deletion of < U >, substitution of < euI > to < OE >, deletion of < EU >, substitution of < L > to < U >, substitution of < G > to < Kh >, substitution of < EO > to < U >, substitution of < G > to < Kh >, deletion of < k >, deletion of < H >, substitution of < euI > to < I >, substitution of < GG > to < Kh >, substitution of < EU > to < I >, substitution of < Th > to < M >, substitution of < euI > to < I >, substitution of < GG > to < DD >, deletion of < M >, substitution of < R > to < L >, deletion of < N >, substitution of < EU > to < EO >, insertion of < t >, substitution of < CHh > to < SS >, substitution of < O > to < EO >, deletion of < N >, deletion of < E >, substitution of < N > to < A >, substitution of < U > to < EU >, substitution of < O > to < EO >, deletion of < R >, substitution of < A > to < EO >, substitution of < D > to < R >, substitution of < E > to < A >, substitution of < E > to < euI >, substitution of < N > to < R >, substitution of < O > to < EO >, substitution of < D > to < Ph >, deletion of < Ph >, substitution of < A > to < B >, substitution of < D > to < DD >, substitution of < O > to < EO >, deletion of < I >, deletion of < R >, substitution of < EU > to < L >, deletion of < N >, substitution of < O > to < EO >, deletion of < A >, substitution of < S > to < SS >, substitution of < DD > to < D >, substitution of < UI > to < OE >",0.11526315789473685
6878,0178932,563,F,97,Spanish,A,RS029,S,물이 팔팔 끓는데 왜 불을 안 끄고 가만히 있어요,M U R I Ph A L Ph A L G EU N N EU N D E OE B U R EU L A N G EU G O G A M A N I I SS EO iO,M U R I Ph A L Ph A L G EU N N EU N D E OE B U R EU L A N G EU G O G A M A N I I SS EO,"Counter({'C': 39, 'D': 1})",39,0,0,1,deletion of < iO >,0.02857142857142857
6879,0178941,563,F,97,Spanish,A,RS034,S,새로 생긴 식당에 가 봤는데 분위기가 아주 좋던데요,S E R O S E NG G I N S I k DD A NG E G A B oA N N EU N D E B U N UI G I G A A J U J O Th EO N D E iO,S E R O S E NG G I N S I k DD A NG E G A B oA N N EU N D E B U N I G A A J U J O Th EO N D E iO,"Counter({'C': 44, 'D': 2})",44,0,0,2,"deletion of < UI >, deletion of < G >",0.03765690376569038
6880,0178944,563,F,97,Spanish,A,RS035,S,왜 항상 언니 용돈은 많고 내 용돈은 조금이지,OE H A NG S A NG EO N N I iO NG D O N EU N M A N Kh O N E iO NG D O N EU N J O G EU M I J I,OE H A NG S A NG EO N N I iO NG D O N EU N M A N Kh O N E iO D O N EU N J O G EU M I J I,"Counter({'C': 39, 'D': 1})",39,0,0,1,deletion of < NG >,0.02358490566037736
6881,0178954,563,F,97,Spanish,A,RS042,S,이 업무에 적합한 사람이 있으면 언제든지 말씀해 주세요,I EO M M OE J EO Kh A Ph A N S A R A M I I SS EU M iEO N EO N J E D EU N J I M A L SS EU M H E J U S E iO,I EO M M E J EO L Kh A,"Counter({'D': 36, 'C': 7, 'S': 3})",7,3,0,36,"deletion of < EO >, deletion of < M >, deletion of < M >, deletion of < OE >, deletion of < J >, deletion of < Kh >, deletion of < A >, deletion of < Ph >, deletion of < A >, deletion of < N >, deletion of < S >, deletion of < A >, deletion of < R >, deletion of < A >, deletion of < I >, deletion of < I >, deletion of < SS >, deletion of < EU >, deletion of < iEO >, deletion of < N >, deletion of < EO >, deletion of < N >, deletion of < J >, deletion of < D >, deletion of < EU >, deletion of < N >, deletion of < I >, deletion of < M >, substitution of < A > to < EO >, deletion of < SS >, deletion of < EU >, deletion of < M >, deletion of < H >, deletion of < E >, deletion of < J >, deletion of < U >, deletion of < S >, substitution of < E > to < Kh >, substitution of < iO > to < A >",0.6666666666666666
6882,0178969,563,F,97,Spanish,A,RS052,S,저희 백화점을 찾아주셔서 감사합니다,J EO euI B E Kh oA J EO M EU L CHh A J A J U S iEO S EO G A M S A A M N I D A,J EO euI B E Kh oA J EO M EU L CHh A J A J U S iEO S EO G A M S A M N I D A,"Counter({'C': 32, 'D': 1})",32,0,0,1,deletion of < A >,0.022598870056497175
6883,0178862,563,F,97,Spanish,A,RW107,W,겪다,G iEO k DD A,J iEO Th A,"Counter({'S': 2, 'C': 2, 'D': 1})",2,2,0,1,"substitution of < G > to < J >, deletion of < k >, substitution of < DD > to < Th >",0.25
6884,0178914,563,F,97,Spanish,A,RW142,W,빛을,B I CHh EU L,B I CHh EU L L,"Counter({'C': 5, 'I': 1})",5,0,1,0,insertion of < L >,0.12121212121212122
6885,0178917,563,F,97,Spanish,A,RW144,W,밖은,B A GG EU N,B A Kh EU N,"Counter({'C': 4, 'S': 1})",4,1,0,0,substitution of < GG > to < Kh >,0.07407407407407407
6886,0178925,563,F,97,Spanish,A,RW150,W,좋은,J O EU N,J O EU,"Counter({'C': 3, 'D': 1})",3,0,0,1,deletion of < N >,0.3333333333333333
7750,0434029,935,M,91,Spanish,A,RP003,P,의사소통 과정 중에서 말하기와 쓰기 같은 표현 기능이 더 중요할까 듣기와 읽기 같은 기능이 더 중요할까 나는 이해 영역이 더 중요하고 특히 듣기가 기본이라고 생각한다 다른 이의 말을 듣고 그 말을 이해해야 의사소통을 계속할 수 있기 때문이다 따라서 진정한 의사소통은 듣기에서부터 시작한다고 주장하고 싶다,euI S A S O Th O NG G oA J EO NG J U NG E S EO M A R H A G I oA SS EU G I G A Th EU N Ph iO iEO N G I N EU NG I D EO J U NG iO A L GG A D EU t GG I oA I k GG I G A Th EU N G I N EU NG I D EO J U NG iO A L GG A N A N EU N I E iEO NG iEO G I D EO J U NG iO A G O Th EU Kh I D EU t GG I G A G I B O N I R A G O S E NG G A Kh A N D A D A R EU N I euI M A R EU L D EU t GG O G EU M A R EU L I E E iA euI S A S O Th O NG EU L G iE S O Kh A L S U I t GG I D E M U N I D A D A R A S EO J I N J EO NG H A N euI S A S O Th O NG EU N D EU t GG I E S EO B U Th EO S I J A Kh A N D A G O J U J A NG H A G O S I p DD A,euI S A S EO Th O N G oA J EO N J U NG E S EO M A R H A G I oA D EU I G A Th EU N Ph E EO M G I R I EO J U NG iO A GG A D EU Kh I oA I N Kh I G A Th EU N G I R EU NG I D EO J U NG iO A L GG A N A N E N I E iEO N G EO I EO J U NG iO A G O D EU Kh I EU G I G A G I B oA NG I R A G O S E NG G A Kh A N D A D A R EU N E M A R EU L D EU G O G EU M A R EU L I E E iA euI S A S EO Th O NG EU L G iE S O Kh A L S U I t GG I D E M U N I D A D A R A S EO S I N J EO N A N euI S A S O Th O NG EU N D EU GG I E S EO B U Th EO S I J A Kh A D A G O J U J U NG H A G EO S I p DD A,"Counter({'C': 219, 'S': 27, 'D': 14})",219,27,0,14,"substitution of < O > to < EO >, substitution of < NG > to < N >, substitution of < NG > to < N >, substitution of < SS > to < D >, deletion of < G >, substitution of < iO > to < E >, substitution of < iEO > to < EO >, substitution of < N > to < M >, deletion of < N >, deletion of < EU >, substitution of < NG > to < R >, deletion of < D >, deletion of < L >, deletion of < t >, substitution of < GG > to < Kh >, substitution of < k > to < N >, substitution of < GG > to < Kh >, substitution of < N > to < R >, substitution of < EU > to < E >, deletion of < NG >, substitution of < iEO > to < N >, substitution of < I > to < EO >, substitution of < D > to < I >, substitution of < Th > to < D >, deletion of < D >, deletion of < t >, substitution of < GG > to < G >, substitution of < O > to < oA >, substitution of < N > to < NG >, deletion of < I >, substitution of < euI > to < E >, deletion of < t >, substitution of < GG > to < G >, substitution of < O > to < EO >, substitution of < J > to < S >, deletion of < NG >, substitution of < H > to < N >, deletion of < t >, deletion of < N >, substitution of < A > to < U >, substitution of < O > to < EO >",0.08810888252148998
7751,0434136,935,M,91,Spanish,A,RP004,P,나는 아름다운 색을 사랑한다 예전 우리 유치원 선생님이 주신 색종이 같은 빨간색 보라색 자주색 녹색 이런 색깔을 나는 좋아한다 나는 우리나라 가을 하늘을 사랑한다 나는 오래된 가구의 색을 좋아한다 늙어가는 학자의 희끗희끗한 머리카락을 좋아한다 나는 이른 아침의 새 소리를 좋아하며 봄 시냇물 흐르는 소리를 즐긴다 갈대에 부는 바람 소리를 좋아하며 바다의 파도 소리를 들으면 아직도 가슴이 뛴다,N A N EU N A R EU M D A U N S E G EU L S A R A NG H A N D A iE J EO N U R I iU CHh I uEO N S EO N S E NG N I M I J U S I N S E k JJ O NG I G A Th EU N BB A L G A N S E k B O R A S E k J A J U S E k N O k SS E k I R EO N S E k GG A R EU L N A N EU N J O A A N D A N A N EU N U R I N A R A G A EU L H A N EU R EU L S A R A NG H A N D A N A N EU N O R E D OE N G A G U euI S E G EU L J O A A N D A N EU L G EO G A N EU N H A k JJ A euI H euI GG EU Th euI GG EU Th A N M EO R I Kh A R A G EU R J O A A N D A N A N EU N I R EU N A CHh I M euI S E S O R I R EU L J O A A M iEO B O M S I N E N M U L H EU R EU N EU N S O R I R EU L J EU L G I N D A G A L D E E B U N EU N B A R A M S O R I R EU L J O A A M iEO B A D A euI Ph A D O S O R I R EU L D EU R EU M iEO N A J I k DD O G A S EU M I DD UI N D A,N A N EU N A R EU M D A U N S E G EU L S A R A NG H A N D A J EO N U R I iU Kh I EO N S EO N S E N I M I J U S I N S E k J EO NG I G A Th EU N BB A L G A N S E k BB EO R A S E k J A J U S E N O SS E I R EO N S E k G A R EU A N EU N J O A A N D A N A N EU N U R I N A R A G A EU L H A M EU EU L S A R A NG H A N D A N A N EU N EO N E t DD EO E N G A L G euI S E G EU L J O A A N D A N EU Kh EO G A N EU N H A L J A euI I G iEO Th I G EU Th A N M EO R I G R A G EU L J O A A N D A N A N N I R EU N A CHh I M E S E S EO R I R EU L J O A A M iEO N B EO M S I N EU M U L EU R EU N EU N S EO R I R EU L J EU G EU N D A G A L D E B O N EU N B A R A N S EO R I R EU L J O A M iEO N B A D A euI oA Th O S EO R R EU L D EU R EU M iEO N A J I k DD O G SS EU M I D EU N D A,"Counter({'C': 298, 'S': 39, 'D': 20, 'I': 4})",298,39,4,20,"deletion of < iE >, substitution of < CHh > to < Kh >, substitution of < uEO > to < EO >, deletion of < NG >, substitution of < JJ > to < J >, substitution of < O > to < EO >, substitution of < B > to < BB >, substitution of < O > to < EO >, deletion of < k >, deletion of < k >, deletion of < k >, substitution of < GG > to < G >, deletion of < L >, deletion of < N >, substitution of < N > to < M >, deletion of < R >, substitution of < O > to < EO >, substitution of < R > to < N >, insertion of < t >, insertion of < DD >, substitution of < D > to < EO >, substitution of < OE > to < E >, substitution of < G > to < L >, substitution of < U > to < G >, deletion of < L >, substitution of < G > to < Kh >, substitution of < k > to < L >, substitution of < JJ > to < J >, deletion of < H >, substitution of < euI > to < I >, substitution of < GG > to < G >, substitution of < EU > to < iEO >, substitution of < euI > to < I >, substitution of < GG > to < G >, deletion of < Kh >, substitution of < A > to < G >, substitution of < R > to < L >, deletion of < EU >, substitution of < euI > to < E >, substitution of < O > to < EO >, insertion of < N >, substitution of < O > to < EO >, deletion of < E >, substitution of < N > to < EU >, deletion of < H >, substitution of < O > to < EO >, deletion of < L >, substitution of < I > to < EU >, deletion of < E >, substitution of < U > to < O >, substitution of < M > to < N >, substitution of < O > to < EO >, deletion of < A >, insertion of < N >, deletion of < Ph >, substitution of < A > to < oA >, substitution of < D > to < Th >, substitution of < O > to < EO >, deletion of < I >, deletion of < A >, substitution of < S > to < SS >, substitution of < DD > to < D >, substitution of < UI > to < EU >",0.1
7752,0433010,935,M,91,Spanish,A,RS028,S,좋은 의견이 있으시면 의견란에 꼭 써 주시기 바랍니다,J O EU N euI G iEO N I I S EU S I M iEO N euI G iEO N N A N E GG O k SS EO J U S I G I B A R A M N I D A,J O EU N euI euI G iEO N I I S EU S I M iEO N euI G iEO N N A N E GG O k SS EO J U S I G I B A R A M N I D A,"Counter({'C': 45, 'I': 1})",45,0,1,0,insertion of < euI >,0.024291497975708502
7753,0433449,935,M,91,Spanish,A,RS040,S,이렇게 감사의 말씀을 전할 수 있을 정도로 성장했습니다,I R EO Kh E G A M S A euI M A L SS EU M EU L J EO N A L S U I SS EU L J EO NG D O R O S EO NG J A NG H E S SS EU M N I D A,I R EO Kh E G A M S A euI M A L SS EU M EU L J EO N A L S U I SS EU L J EO NG D O R O S EO NG J A A M E S EU M N I D A,"Counter({'C': 50, 'S': 2, 'D': 1})",50,2,0,1,"substitution of < NG > to < A >, substitution of < H > to < M >, deletion of < SS >",0.031914893617021274
7754,0433807,935,M,91,Spanish,A,RS050,S,국내선 공항과 국제선 공항이 다르다는 것을 왜 미리 말씀해 주시지 않으셨어요,G U NG N E S EO N G O NG H A NG G oA G U k JJ E S EO N G O NG H A NG I D A R EU D A N EU N G EO S EU L OE M I R I M A L SS EU M H E J U S I J I A N EU S iEO SS EO iO,G U NG N E S EO N G O NG H A NG G oA G U k JJ E S EO N G O NG H A NG I D A R EU D A N EU N G EO S EU L OE M I R I M A L SS EU M EU L H E J U S I A N EU S iEO SS EO iO,"Counter({'C': 70, 'I': 2, 'D': 2})",70,0,2,2,"insertion of < EU >, insertion of < L >, deletion of < I >, deletion of < J >",0.043256997455470736
7755,0387327,935,M,91,Spanish,A,RW011,W,빨리,BB A L L I,J A L R I,"Counter({'C': 3, 'S': 2})",3,2,0,0,"substitution of < BB > to < J >, substitution of < L > to < R >",0.15384615384615385
7756,0391314,935,M,91,Spanish,A,RW034,W,들어요,D EU R EO iO,D EU R EO,"Counter({'C': 4, 'D': 1})",4,0,0,1,deletion of < iO >,0.21428571428571427
7757,0391730,935,M,91,Spanish,A,RW057,W,야구,iA G U,A G U,"Counter({'C': 2, 'S': 1})",2,1,0,0,substitution of < iA > to < A >,0.125
7758,0391741,935,M,91,Spanish,A,RW058,W,이야기,I iA G I,I J A G I,"Counter({'C': 3, 'I': 1, 'S': 1})",3,1,1,0,"insertion of < J >, substitution of < iA > to < A >",0.23076923076923078
7759,0391751,935,M,91,Spanish,A,RW059,W,여기,iEO G I,J O G I,"Counter({'C': 2, 'I': 1, 'S': 1})",2,1,1,0,"insertion of < J >, substitution of < iEO > to < O >",0.47058823529411764
7760,0431959,935,M,91,Spanish,A,RW084,W,영어,iEO NG EO,J O NG EO,"Counter({'C': 2, 'I': 1, 'S': 1})",2,1,1,0,"insertion of < J >, substitution of < iEO > to < O >",0.42105263157894735
